customer_id,tenure,monthly_charges,total_charges,contract_type,payment_method,internet_service,online_security,tech_support,streaming_tv,paperless_billing,churned
1,52,105.57,5273.18,Month-to-month,Mailed check,No,Yes,Yes,Yes,True,False
2,15,103.02,1575.29,Two year,Electronic check,No,Yes,No,Yes,False,True
3,61,59.72,3649.9,Month-to-month,Credit card,DSL,Yes,No,No internet service,False,False
4,21,86.81,1786.2,One year,Credit card,No,No,No internet service,No,True,False
5,24,40.5,964.47,One year,Mailed check,No,No internet service,Yes,Yes,False,False
6,3,49.31,144.95,One year,Credit card,No,No,No,No internet service,False,False
7,22,109.63,2354.71,Month-to-month,Bank transfer,No,Yes,Yes,No internet service,True,False
8,53,21.3,1090.92,Month-to-month,Mailed check,DSL,Yes,Yes,No,False,False
9,2,28.55,56.32,One year,Electronic check,Fiber optic,No,No,Yes,True,True
10,30,40.79,1193.23,One year,Electronic check,DSL,Yes,Yes,Yes,False,False
11,38,22.65,876.49,Month-to-month,Bank transfer,DSL,Yes,No,Yes,True,True
12,2,38.14,77.68,One year,Electronic check,No,No,No,No internet service,True,True
13,64,78.3,5012.12,Month-to-month,Credit card,DSL,No,No,No,True,True
14,60,62.14,3832.03,One year,Credit card,Fiber optic,No,Yes,No,False,False
15,21,109.27,2373.0,Month-to-month,Bank transfer,No,Yes,No,Yes,False,True
16,33,101.74,3384.2,Two year,Electronic check,No,Yes,Yes,No internet service,False,False
17,58,54.18,3179.81,Month-to-month,Electronic check,No,No internet service,No,Yes,False,True
18,22,45.94,988.74,Month-to-month,Bank transfer,DSL,No internet service,No,No,True,False
19,49,57.97,2952.69,Month-to-month,Mailed check,DSL,No,No internet service,No internet service,False,False
20,59,79.03,4440.92,Month-to-month,Electronic check,Fiber optic,No internet service,No internet service,Yes,True,True
21,42,46.81,1936.25,Two year,Mailed check,DSL,Yes,No internet service,Yes,False,False
22,60,82.41,5054.27,Two year,Electronic check,DSL,No internet service,Yes,No internet service,True,False
23,15,60.94,875.72,Month-to-month,Electronic check,Fiber optic,Yes,Yes,No,False,False
24,62,75.2,4514.68,Month-to-month,Electronic check,Fiber optic,No,No,No internet service,False,False
25,62,63.61,3979.03,One year,Electronic check,Fiber optic,No,No,Yes,False,False
26,47,49.45,2338.09,Two year,Credit card,DSL,Yes,No,Yes,True,False
27,62,114.85,7290.83,One year,Mailed check,Fiber optic,No internet service,No,Yes,True,True
28,51,96.36,5067.99,Month-to-month,Mailed check,DSL,No,Yes,Yes,True,False
29,55,34.01,1801.07,Month-to-month,Electronic check,DSL,No,No,No,False,True
30,64,106.85,6509.05,One year,Electronic check,Fiber optic,No internet service,No,No,True,True
31,3,68.74,210.13,Month-to-month,Mailed check,Fiber optic,No internet service,No internet service,Yes,False,False
32,51,109.46,5471.59,One year,Credit card,Fiber optic,Yes,No,No,True,False
33,7,99.99,708.75,Month-to-month,Bank transfer,DSL,No internet service,No,No,True,True
34,21,62.52,1267.04,One year,Bank transfer,No,No internet service,No,No,False,False
35,39,22.25,865.06,Month-to-month,Mailed check,Fiber optic,No internet service,Yes,Yes,True,False
36,18,46.87,844.03,One year,Electronic check,Fiber optic,Yes,No internet service,No internet service,False,False
37,4,74.16,299.16,Month-to-month,Electronic check,Fiber optic,Yes,No,No internet service,False,False
38,60,83.35,5007.59,One year,Credit card,No,No,No,No internet service,True,False
39,14,45.79,640.78,Month-to-month,Bank transfer,Fiber optic,Yes,No internet service,Yes,True,False
40,9,33.94,300.35,One year,Credit card,Fiber optic,No,No,No,True,True
41,53,103.49,5249.76,One year,Bank transfer,No,No internet service,Yes,No,True,True
42,2,118.44,227.16,One year,Mailed check,Fiber optic,No,No,Yes,False,False
43,60,72.57,4325.37,One year,Bank transfer,Fiber optic,No,Yes,Yes,True,False
44,71,37.17,2601.01,One year,Credit card,Fiber optic,No internet service,Yes,No internet service,True,False
45,44,47.23,2081.47,Two year,Credit card,Fiber optic,No,No,No internet service,True,False
46,8,21.84,171.31,Month-to-month,Credit card,DSL,Yes,No internet service,Yes,True,False
47,47,111.43,5335.62,Two year,Mailed check,Fiber optic,Yes,Yes,No internet service,True,False
48,35,31.78,1152.78,Month-to-month,Bank transfer,No,Yes,No internet service,No,False,False
49,36,77.65,2739.17,Month-to-month,Bank transfer,No,Yes,No,Yes,False,False
50,50,47.41,2297.72,Month-to-month,Credit card,DSL,No,Yes,Yes,False,True
51,4,75.42,290.1,Month-to-month,Bank transfer,Fiber optic,No,No,No,False,False
52,2,85.14,172.26,One year,Electronic check,DSL,No internet service,No internet service,No,True,True
53,6,102.97,614.35,One year,Electronic check,No,No,No,No,False,True
54,54,40.64,2126.09,One year,Electronic check,No,No,No,No internet service,True,False
55,4,21.1,85.69,One year,Bank transfer,Fiber optic,No,Yes,Yes,True,False
56,54,33.69,1755.31,Month-to-month,Mailed check,No,No internet service,No,No internet service,True,False
57,63,110.0,6967.63,Month-to-month,Mailed check,Fiber optic,Yes,No,No,True,False
58,18,107.39,1938.27,Month-to-month,Mailed check,Fiber optic,No,No,No internet service,False,True
59,44,79.74,3590.74,Month-to-month,Mailed check,DSL,No internet service,Yes,No,True,False
60,34,80.05,2600.61,Month-to-month,Electronic check,Fiber optic,No internet service,No internet service,No internet service,False,True
61,62,86.5,5571.02,Month-to-month,Electronic check,Fiber optic,No internet service,No internet service,No internet service,True,False
62,14,37.54,536.23,One year,Credit card,Fiber optic,Yes,No,No,True,False
63,48,111.44,5197.27,One year,Bank transfer,Fiber optic,No,Yes,No internet service,False,False
64,15,61.88,898.81,Two year,Bank transfer,No,No internet service,No,Yes,True,True
65,62,58.31,3590.51,Two year,Mailed check,DSL,Yes,No internet service,No internet service,True,False
66,40,71.89,2966.92,One year,Electronic check,Fiber optic,No internet service,Yes,No internet service,True,False
67,53,24.7,1354.0,Month-to-month,Mailed check,Fiber optic,No internet service,No internet service,Yes,False,False
68,24,36.63,880.92,One year,Credit card,Fiber optic,No internet service,No internet service,No,False,False
69,26,93.8,2526.79,One year,Bank transfer,Fiber optic,No internet service,Yes,Yes,True,False
70,60,28.28,1612.88,Month-to-month,Bank transfer,DSL,No internet service,Yes,No internet service,False,False
71,41,80.32,3140.05,Month-to-month,Mailed check,DSL,Yes,No,No,False,False
72,29,44.53,1344.55,Two year,Credit card,Fiber optic,No,No,No internet service,False,True
73,15,58.93,908.29,Month-to-month,Bank transfer,Fiber optic,No,No internet service,No internet service,False,False
74,45,48.87,2188.31,One year,Credit card,DSL,No,Yes,Yes,True,False
75,65,55.57,3703.66,One year,Credit card,Fiber optic,No,Yes,Yes,False,False
76,71,91.9,6822.2,Month-to-month,Mailed check,Fiber optic,Yes,No,No,True,True
77,9,49.71,459.56,Month-to-month,Electronic check,Fiber optic,Yes,No internet service,No,True,False
78,1,76.64,79.26,Month-to-month,Mailed check,No,Yes,No internet service,No,False,True
79,8,67.61,554.98,Month-to-month,Electronic check,DSL,No internet service,No,No internet service,False,False
80,63,86.37,5260.77,Month-to-month,Credit card,DSL,No internet service,Yes,Yes,True,True
81,11,113.68,1292.19,Two year,Electronic check,Fiber optic,No internet service,No,Yes,True,True
82,8,93.26,723.33,Month-to-month,Credit card,Fiber optic,No,No,Yes,False,True
83,35,41.49,1509.16,One year,Bank transfer,Fiber optic,No internet service,No,No,True,False
84,35,23.12,805.85,Month-to-month,Bank transfer,No,No,No,Yes,True,False
85,33,46.23,1552.59,Two year,Bank transfer,No,No internet service,Yes,Yes,True,False
86,5,79.51,397.44,Month-to-month,Mailed check,No,No,No,Yes,True,False
87,41,25.14,988.89,Month-to-month,Mailed check,Fiber optic,No internet service,Yes,No,False,False
88,28,69.64,1909.11,Two year,Credit card,Fiber optic,No internet service,No,Yes,True,False
89,7,79.68,584.74,Two year,Bank transfer,Fiber optic,Yes,No internet service,No,False,False
90,12,53.42,670.57,Month-to-month,Mailed check,DSL,No internet service,Yes,Yes,True,False
91,34,97.09,3241.8,Two year,Bank transfer,Fiber optic,No internet service,No internet service,Yes,False,False
92,33,30.66,1061.99,Month-to-month,Mailed check,DSL,Yes,No,Yes,False,False
93,48,27.51,1366.11,Month-to-month,Electronic check,No,No,No,No,False,False
94,23,92.82,2158.55,Month-to-month,Electronic check,Fiber optic,Yes,No,No,False,False
95,62,69.55,4113.8,Month-to-month,Bank transfer,Fiber optic,Yes,Yes,Yes,False,False
96,37,88.84,3419.04,One year,Credit card,Fiber optic,No,No internet service,No internet service,True,False
97,44,63.48,2809.16,Month-to-month,Mailed check,DSL,No internet service,Yes,No,False,False
98,35,44.64,1619.97,Month-to-month,Mailed check,DSL,No,Yes,No,False,True
99,65,101.91,6845.68,One year,Electronic check,Fiber optic,No internet service,No,Yes,True,True
100,47,99.94,4853.6,One year,Electronic check,DSL,No internet service,No internet service,No internet service,True,False
101,3,89.47,273.73,Month-to-month,Credit card,Fiber optic,No,No,Yes,False,False
102,1,47.21,46.23,One year,Credit card,No,Yes,Yes,No,False,False
103,5,79.02,388.63,Month-to-month,Credit card,No,No,No,No,True,True
104,14,56.1,770.36,One year,Bank transfer,Fiber optic,No internet service,No internet service,Yes,True,True
105,27,29.16,749.53,One year,Electronic check,DSL,No,No,Yes,False,True
106,9,111.73,1013.87,Two year,Bank transfer,No,No,No internet service,No internet service,True,False
107,15,33.68,515.25,Month-to-month,Electronic check,No,No internet service,No internet service,No internet service,False,False
108,42,115.02,5001.79,Month-to-month,Electronic check,DSL,Yes,No,No,False,False
109,51,64.6,3176.05,Month-to-month,Mailed check,Fiber optic,No,Yes,No internet service,False,False
110,63,38.51,2436.85,Month-to-month,Electronic check,DSL,No internet service,No,No internet service,True,False
111,52,74.19,3668.08,Month-to-month,Electronic check,No,No internet service,Yes,No,False,True
112,4,107.29,411.78,Two year,Bank transfer,No,No,Yes,No,False,False
113,23,93.22,2048.48,Month-to-month,Electronic check,DSL,Yes,No,No,False,True
114,15,100.66,1543.94,Month-to-month,Bank transfer,No,No,Yes,No,True,True
115,43,85.88,3538.13,One year,Credit card,Fiber optic,Yes,Yes,Yes,True,False
116,29,89.23,2643.68,Month-to-month,Electronic check,No,Yes,No,No,False,True
117,36,104.92,3682.55,One year,Electronic check,Fiber optic,Yes,No,No,True,True
118,13,44.97,606.69,Month-to-month,Bank transfer,No,Yes,No,No,True,True
119,32,68.94,2275.16,Month-to-month,Credit card,DSL,No,Yes,No internet service,True,False
120,71,42.12,3127.44,Month-to-month,Mailed check,DSL,No internet service,No internet service,No,False,True
121,59,118.77,7276.35,Month-to-month,Credit card,DSL,No internet service,Yes,Yes,True,False
122,28,114.41,3342.3,Two year,Bank transfer,No,No internet service,No internet service,Yes,True,True
123,66,23.94,1636.72,Month-to-month,Credit card,No,No internet service,No,No,True,False
124,42,90.56,3877.07,One year,Bank transfer,No,No internet service,No internet service,Yes,False,False
125,45,112.52,4896.44,Month-to-month,Bank transfer,No,No internet service,No,No internet service,True,False
126,62,38.06,2305.85,Month-to-month,Mailed check,DSL,No,No,No,True,False
127,57,76.79,4251.29,Two year,Electronic check,Fiber optic,Yes,No internet service,Yes,True,False
128,6,111.55,676.23,Month-to-month,Bank transfer,DSL,No internet service,No,Yes,False,True
129,28,23.39,655.16,One year,Bank transfer,DSL,No,No internet service,No,True,False
130,28,89.74,2604.96,Two year,Mailed check,DSL,No internet service,No,Yes,True,True
131,44,49.73,2287.17,One year,Bank transfer,Fiber optic,No internet service,Yes,No,True,False
132,30,112.44,3341.11,Two year,Electronic check,DSL,Yes,Yes,Yes,False,False
133,62,117.11,7265.43,Month-to-month,Mailed check,DSL,Yes,No,No internet service,False,False
134,62,114.43,7429.18,Month-to-month,Electronic check,DSL,Yes,No,Yes,False,False
135,1,67.42,65.91,Month-to-month,Electronic check,DSL,No internet service,No internet service,Yes,False,False
136,27,106.2,2951.24,One year,Mailed check,No,No internet service,Yes,No,True,False
137,62,104.45,6297.97,Two year,Bank transfer,Fiber optic,No internet service,No internet service,Yes,False,False
138,3,51.91,158.56,Month-to-month,Electronic check,No,Yes,No,No,True,False
139,70,102.89,7024.85,One year,Electronic check,Fiber optic,No,No,No internet service,True,True
140,27,23.7,664.46,Month-to-month,Electronic check,DSL,No internet service,No internet service,No,True,True
141,9,79.63,721.08,One year,Electronic check,Fiber optic,No internet service,No,No,True,False
142,62,43.0,2582.27,Month-to-month,Mailed check,DSL,No internet service,Yes,Yes,False,False
143,37,32.06,1153.52,Two year,Mailed check,DSL,No,No internet service,No internet service,True,False
144,51,27.7,1411.83,One year,Credit card,DSL,No internet service,Yes,No,False,False
145,44,89.63,4125.76,Month-to-month,Credit card,DSL,No,Yes,Yes,True,False
146,24,53.99,1330.7,Month-to-month,Electronic check,DSL,No internet service,Yes,Yes,True,True
147,59,92.48,5449.94,Month-to-month,Bank transfer,Fiber optic,No,No internet service,No,False,True
148,32,26.54,835.5,Month-to-month,Electronic check,Fiber optic,No internet service,No,Yes,False,True
149,52,51.53,2692.76,Month-to-month,Bank transfer,DSL,Yes,Yes,No,False,False
150,62,73.95,4698.77,Two year,Electronic check,DSL,Yes,Yes,No,True,False
151,58,99.07,5909.21,One year,Credit card,No,Yes,Yes,No,True,False
152,52,51.88,2650.44,One year,Credit card,DSL,Yes,No,No internet service,False,False
153,12,82.59,1013.0,Month-to-month,Bank transfer,DSL,No internet service,No,No,False,True
154,39,108.6,4302.23,Two year,Electronic check,No,Yes,No internet service,Yes,True,False
155,2,81.59,170.67,One year,Bank transfer,DSL,No,No,No internet service,False,False
156,3,43.3,135.5,Month-to-month,Credit card,DSL,Yes,No internet service,Yes,False,True
157,56,22.44,1293.0,One year,Electronic check,Fiber optic,Yes,No internet service,No internet service,False,False
158,59,107.01,6454.63,One year,Electronic check,DSL,Yes,No internet service,No internet service,False,False
159,2,22.13,43.26,Month-to-month,Bank transfer,Fiber optic,No internet service,No internet service,No internet service,False,True
160,2,107.47,222.38,Month-to-month,Mailed check,No,Yes,No internet service,No internet service,True,True
161,54,72.89,3907.53,Month-to-month,Bank transfer,DSL,No,Yes,Yes,True,False
162,1,113.91,111.32,Month-to-month,Credit card,Fiber optic,Yes,No,No,False,False
163,19,99.88,1875.74,Two year,Credit card,Fiber optic,Yes,Yes,Yes,True,False
164,2,119.79,247.63,Two year,Credit card,DSL,Yes,No internet service,No,True,False
165,53,55.07,2816.16,One year,Credit card,Fiber optic,No,No,Yes,True,False
166,44,96.72,4237.02,Month-to-month,Credit card,DSL,Yes,Yes,No internet service,True,False
167,32,60.19,1924.61,Month-to-month,Mailed check,Fiber optic,No,Yes,No internet service,False,True
168,70,67.99,4538.77,One year,Electronic check,DSL,No,No internet service,No,False,True
169,32,82.75,2567.43,One year,Bank transfer,Fiber optic,Yes,Yes,No,True,False
170,68,107.37,7539.72,Month-to-month,Bank transfer,DSL,No,Yes,Yes,True,False
171,55,118.41,6727.96,One year,Credit card,No,No internet service,Yes,No,False,False
172,56,96.83,5309.92,Two year,Bank transfer,DSL,Yes,Yes,Yes,False,False
173,17,61.78,1089.63,Month-to-month,Credit card,Fiber optic,Yes,Yes,No,False,False
174,38,62.14,2425.5,Month-to-month,Mailed check,Fiber optic,No,No internet service,No,True,True
175,24,93.76,2231.77,One year,Mailed check,Fiber optic,No,No internet service,No,True,False
176,69,43.88,3102.93,Month-to-month,Electronic check,Fiber optic,Yes,Yes,No internet service,True,False
177,70,31.05,2273.77,Month-to-month,Mailed check,Fiber optic,No internet service,No internet service,No internet service,False,True
178,11,55.46,607.56,Month-to-month,Mailed check,Fiber optic,No,No internet service,Yes,False,False
179,16,48.72,759.13,Month-to-month,Electronic check,No,No,No,No,False,False
180,59,49.63,3057.54,One year,Bank transfer,DSL,No internet service,Yes,Yes,True,False
181,70,43.36,3066.69,One year,Credit card,Fiber optic,No internet service,No internet service,No,False,False
182,3,24.21,69.76,Month-to-month,Credit card,No,Yes,No internet service,No internet service,False,False
183,20,21.79,438.97,Two year,Bank transfer,No,No internet service,Yes,No internet service,True,False
184,59,118.77,7007.84,Two year,Electronic check,No,Yes,No,No,True,False
185,36,62.78,2340.45,Two year,Bank transfer,Fiber optic,No internet service,Yes,No,True,False
186,19,58.43,1113.58,Month-to-month,Mailed check,DSL,No,No,No internet service,True,True
187,67,87.96,5749.07,Month-to-month,Electronic check,Fiber optic,Yes,Yes,No internet service,True,False
188,19,41.83,808.73,Two year,Electronic check,Fiber optic,Yes,Yes,Yes,True,False
189,20,115.0,2309.79,One year,Electronic check,Fiber optic,Yes,Yes,No internet service,True,False
190,71,98.63,6815.79,Month-to-month,Credit card,Fiber optic,No internet service,Yes,No,True,True
191,52,28.94,1515.96,Month-to-month,Bank transfer,No,No,No,Yes,True,True
192,33,61.76,2103.61,Month-to-month,Electronic check,Fiber optic,Yes,No,No,False,False
193,40,107.91,4112.91,Two year,Electronic check,No,Yes,No internet service,Yes,True,False
194,39,114.47,4522.75,One year,Electronic check,Fiber optic,Yes,Yes,No,False,False
195,1,66.74,65.74,Month-to-month,Bank transfer,DSL,Yes,No,No internet service,True,False
196,11,81.34,876.19,Month-to-month,Credit card,Fiber optic,No,No,No,False,False
197,57,36.7,2069.43,One year,Mailed check,Fiber optic,No internet service,No,Yes,True,False
198,50,119.12,5861.91,Two year,Credit card,DSL,No,Yes,No,False,False
199,23,43.17,1025.9,Month-to-month,Electronic check,DSL,Yes,No internet service,Yes,True,False
200,31,114.27,3462.6,One year,Credit card,No,No,No,No,False,False
201,42,84.96,3651.52,Two year,Credit card,DSL,Yes,Yes,No internet service,True,False
202,7,80.77,542.44,Month-to-month,Mailed check,Fiber optic,No internet service,No,No internet service,False,False
203,16,71.27,1191.79,One year,Bank transfer,Fiber optic,No internet service,No,No,True,False
204,60,43.07,2615.81,Month-to-month,Bank transfer,Fiber optic,No internet service,No internet service,No,True,True
205,2,37.65,76.86,One year,Credit card,Fiber optic,Yes,No,No,True,False
206,1,42.05,41.2,One year,Credit card,DSL,No,No,Yes,False,False
207,48,38.64,1838.42,One year,Bank transfer,Fiber optic,No internet service,Yes,No,False,False
208,12,97.96,1143.05,One year,Bank transfer,Fiber optic,Yes,Yes,No,False,False
209,69,55.01,3959.87,Month-to-month,Mailed check,Fiber optic,Yes,No internet service,Yes,True,False
210,37,25.78,952.73,Two year,Electronic check,DSL,No,Yes,No internet service,True,False
211,32,116.91,3789.92,One year,Credit card,Fiber optic,No internet service,Yes,No,False,False
212,9,108.38,998.27,Month-to-month,Bank transfer,DSL,Yes,No internet service,No,True,True
213,19,112.78,2115.2,One year,Credit card,DSL,No,No,No internet service,False,True
214,48,119.49,5861.76,One year,Credit card,DSL,No internet service,No internet service,No internet service,False,False
215,3,37.39,114.14,Month-to-month,Bank transfer,DSL,No,Yes,Yes,False,True
216,20,59.62,1216.92,Two year,Mailed check,No,No,No internet service,No,True,True
217,24,95.82,2297.2,Two year,Credit card,DSL,Yes,No,No,True,False
218,54,89.6,4781.76,Month-to-month,Mailed check,No,Yes,No internet service,Yes,True,True
219,33,35.39,1135.41,Two year,Bank transfer,No,Yes,Yes,No internet service,False,False
220,24,101.58,2517.06,Month-to-month,Electronic check,Fiber optic,No,Yes,Yes,True,False
221,36,42.44,1544.39,Month-to-month,Electronic check,DSL,Yes,No internet service,No internet service,True,False
222,38,42.38,1601.48,Month-to-month,Credit card,Fiber optic,No,No,Yes,True,True
223,25,73.7,1924.31,Two year,Bank transfer,Fiber optic,No,No internet service,No internet service,True,False
224,18,79.29,1362.69,One year,Mailed check,Fiber optic,Yes,No,Yes,False,False
225,66,78.01,5328.95,Month-to-month,Credit card,DSL,No internet service,No,No internet service,False,False
226,54,29.15,1652.42,Month-to-month,Bank transfer,Fiber optic,No internet service,No internet service,No internet service,True,False
227,35,107.75,3917.18,One year,Bank transfer,No,No internet service,No,No internet service,True,True
228,61,46.56,2928.33,Month-to-month,Mailed check,Fiber optic,No,Yes,No internet service,False,False
229,41,32.95,1333.97,Two year,Credit card,DSL,No,No internet service,No internet service,True,True
230,33,108.87,3496.18,Two year,Bank transfer,Fiber optic,No,No,No,False,False
231,68,115.57,8043.32,One year,Bank transfer,DSL,Yes,Yes,No internet service,False,False
232,33,106.21,3436.44,Two year,Bank transfer,DSL,No,No internet service,No,True,True
233,14,100.95,1367.51,Month-to-month,Mailed check,No,Yes,Yes,No internet service,True,False
234,21,85.52,1847.38,Two year,Credit card,DSL,Yes,Yes,No,False,False
235,48,75.09,3536.75,One year,Credit card,DSL,No internet service,Yes,No,True,False
236,20,28.7,597.79,One year,Credit card,DSL,No internet service,No,Yes,True,False
237,8,60.85,503.38,Month-to-month,Credit card,No,No internet service,No internet service,No internet service,True,True
238,7,57.27,414.83,Two year,Electronic check,Fiber optic,Yes,No internet service,Yes,True,False
239,67,45.98,3164.32,Month-to-month,Electronic check,Fiber optic,Yes,No,Yes,False,True
240,17,92.34,1629.57,Month-to-month,Credit card,Fiber optic,Yes,No internet service,No internet service,False,False
241,33,69.59,2366.68,Month-to-month,Mailed check,DSL,No,Yes,Yes,False,True
242,48,28.1,1362.63,One year,Electronic check,Fiber optic,Yes,No internet service,No internet service,True,False
243,59,42.02,2428.56,One year,Bank transfer,Fiber optic,No internet service,No,Yes,True,False
244,22,88.33,2018.7,One year,Electronic check,DSL,No internet service,Yes,No internet service,False,False
245,30,27.61,856.51,Two year,Bank transfer,Fiber optic,Yes,No,No internet service,True,False
246,38,105.12,3983.73,Month-to-month,Credit card,No,Yes,Yes,No internet service,False,False
247,51,69.51,3381.61,One year,Electronic check,DSL,No internet service,Yes,No,True,False
248,54,68.06,3726.16,Month-to-month,Mailed check,DSL,Yes,No internet service,Yes,False,False
249,8,79.24,605.43,Two year,Electronic check,DSL,No internet service,Yes,No,True,False
250,27,102.47,2884.63,Two year,Electronic check,DSL,No,No,Yes,True,False
251,27,54.78,1547.34,One year,Electronic check,No,No internet service,No internet service,Yes,True,False
252,21,87.8,1786.55,One year,Credit card,Fiber optic,No,No,Yes,True,True
253,30,76.57,2337.62,Month-to-month,Mailed check,Fiber optic,Yes,Yes,No,True,False
254,28,46.7,1254.29,Month-to-month,Electronic check,Fiber optic,Yes,No,Yes,False,False
255,64,107.86,7061.48,Two year,Mailed check,DSL,No,No,No,False,False
256,69,99.74,6776.96,Month-to-month,Credit card,Fiber optic,Yes,Yes,No internet service,False,False
257,61,85.85,5331.66,Month-to-month,Bank transfer,Fiber optic,No,No internet service,Yes,False,False
258,48,105.06,4978.77,Month-to-month,Electronic check,Fiber optic,Yes,No,Yes,True,False
259,19,106.73,1956.0,Two year,Mailed check,No,No internet service,Yes,No internet service,True,False
260,4,90.84,359.95,Month-to-month,Mailed check,Fiber optic,Yes,No internet service,No internet service,True,True
261,35,103.7,3488.92,Month-to-month,Credit card,Fiber optic,No internet service,No internet service,Yes,False,True
262,64,89.75,5788.16,One year,Electronic check,No,No internet service,No internet service,No internet service,True,False
263,49,88.01,4114.53,Two year,Bank transfer,DSL,No,No,No,False,False
264,17,81.86,1395.42,Month-to-month,Mailed check,DSL,Yes,No,No,True,False
265,44,95.27,4353.84,Month-to-month,Electronic check,DSL,No,No,Yes,False,True
266,30,35.86,1112.15,Month-to-month,Bank transfer,DSL,Yes,No internet service,No,False,False
267,46,108.09,5162.46,Month-to-month,Mailed check,Fiber optic,No internet service,No,No,True,False
268,6,107.18,670.22,Month-to-month,Mailed check,Fiber optic,No internet service,Yes,Yes,True,False
269,37,22.92,814.5,One year,Bank transfer,No,Yes,No,No internet service,False,False
270,24,102.58,2370.52,One year,Bank transfer,Fiber optic,Yes,No,Yes,True,False
271,46,32.89,1521.56,One year,Credit card,Fiber optic,No,No internet service,No,True,False
272,53,53.51,2947.76,Month-to-month,Electronic check,DSL,Yes,No,Yes,False,True
273,60,94.35,5929.53,Two year,Electronic check,DSL,Yes,Yes,Yes,True,False
274,63,36.08,2169.9,Month-to-month,Credit card,Fiber optic,Yes,No internet service,No,False,False
275,32,101.8,3210.62,Two year,Mailed check,Fiber optic,No,Yes,No,False,False
276,33,103.21,3308.14,One year,Bank transfer,No,Yes,No internet service,Yes,True,False
277,67,70.75,4861.58,Month-to-month,Bank transfer,DSL,No internet service,No internet service,No,True,False
278,18,20.64,376.73,One year,Bank transfer,DSL,No,No,No,True,False
279,25,48.7,1171.22,Month-to-month,Mailed check,Fiber optic,No,Yes,No,False,False
280,54,81.69,4403.99,One year,Bank transfer,DSL,No internet service,No internet service,No,True,False
281,58,118.12,6978.0,Month-to-month,Bank transfer,DSL,No internet service,No,No,False,True
282,67,83.18,5728.55,Month-to-month,Credit card,Fiber optic,No internet service,No internet service,No,True,False
283,46,45.98,2013.57,Two year,Mailed check,DSL,Yes,No internet service,No internet service,True,False
284,24,83.4,2079.76,Month-to-month,Electronic check,Fiber optic,No internet service,No internet service,Yes,True,False
285,32,74.0,2384.41,Two year,Credit card,DSL,Yes,No internet service,No,True,False
286,47,97.98,4748.7,Month-to-month,Credit card,DSL,No,No internet service,Yes,True,True
287,23,30.7,727.84,One year,Electronic check,Fiber optic,No,No internet service,No internet service,True,False
288,66,96.1,6145.89,One year,Credit card,No,No internet service,No,No,True,False
289,27,74.13,1923.49,One year,Mailed check,Fiber optic,Yes,No internet service,Yes,True,False
290,2,116.3,237.75,Month-to-month,Bank transfer,Fiber optic,No internet service,Yes,No,True,True
291,17,54.19,889.58,Month-to-month,Mailed check,DSL,No internet service,No,No,False,False
292,33,83.26,2843.73,Month-to-month,Electronic check,Fiber optic,Yes,Yes,No,True,False
293,9,113.2,1041.84,Month-to-month,Electronic check,DSL,No internet service,No internet service,No,True,False
294,43,30.25,1345.21,One year,Credit card,Fiber optic,No,Yes,No,False,False
295,48,113.72,5348.85,Two year,Mailed check,Fiber optic,No internet service,No internet service,No,True,False
296,39,88.79,3399.3,Two year,Mailed check,No,Yes,No internet service,No,False,False
297,42,26.78,1144.02,One year,Electronic check,Fiber optic,Yes,No,No internet service,True,False
298,26,50.1,1241.57,One year,Mailed check,DSL,No,No,No internet service,True,True
299,50,90.82,4643.85,One year,Electronic check,DSL,Yes,No internet service,No,False,True
300,25,26.74,690.95,Month-to-month,Mailed check,No,Yes,No,No,True,False
301,24,78.22,1861.35,Two year,Mailed check,Fiber optic,No,Yes,No internet service,False,False
302,13,54.59,728.47,One year,Mailed check,Fiber optic,No internet service,No,No internet service,True,True
303,60,82.09,4765.13,One year,Electronic check,DSL,No,No,No internet service,False,True
304,7,24.57,168.93,Month-to-month,Credit card,DSL,No internet service,Yes,No,False,False
305,57,107.15,6397.23,Month-to-month,Mailed check,DSL,No,No,Yes,True,False
306,36,117.35,4430.05,Month-to-month,Electronic check,No,No internet service,No internet service,Yes,False,True
307,45,116.89,5266.68,Two year,Electronic check,Fiber optic,No,Yes,Yes,True,True
308,20,94.97,1981.89,One year,Mailed check,No,No internet service,No internet service,Yes,False,False
309,65,33.01,2150.53,Month-to-month,Mailed check,DSL,No,Yes,No,True,False
310,8,95.83,750.66,Two year,Credit card,Fiber optic,No internet service,No internet service,Yes,False,True
311,16,22.46,350.98,Month-to-month,Electronic check,Fiber optic,No,No internet service,No internet service,True,True
312,14,22.21,324.3,Month-to-month,Electronic check,DSL,Yes,No,No internet service,True,False
313,15,52.36,759.67,Month-to-month,Bank transfer,No,No internet service,No internet service,Yes,False,False
314,66,68.86,4580.95,One year,Electronic check,No,No,No,No internet service,False,False
315,32,97.04,3122.52,Two year,Credit card,No,No internet service,Yes,No,True,False
316,63,88.33,5698.13,Month-to-month,Bank transfer,Fiber optic,No internet service,No internet service,Yes,True,True
317,51,64.59,3293.84,Two year,Bank transfer,DSL,No,No internet service,Yes,True,False
318,25,47.36,1157.04,Month-to-month,Bank transfer,DSL,No internet service,Yes,No,True,False
319,58,119.71,6713.64,Two year,Mailed check,No,No,Yes,No internet service,True,False
320,63,62.62,3992.72,One year,Mailed check,DSL,Yes,No internet service,No,False,False
321,62,65.14,4127.12,Two year,Electronic check,Fiber optic,No internet service,Yes,No,True,False
322,22,36.36,805.48,Month-to-month,Bank transfer,Fiber optic,Yes,No,No internet service,False,False
323,58,99.48,5907.36,Two year,Credit card,Fiber optic,No internet service,Yes,No,False,True
324,58,89.37,4997.64,One year,Mailed check,No,No internet service,Yes,No internet service,True,False
325,49,42.08,2140.78,Month-to-month,Credit card,DSL,No internet service,No internet service,No internet service,True,True
326,52,28.24,1480.58,Two year,Credit card,DSL,No,No,No,True,False
327,42,88.05,3560.1,Month-to-month,Mailed check,DSL,Yes,Yes,No internet service,True,True
328,70,85.45,5958.73,Two year,Mailed check,Fiber optic,No internet service,No,No,False,False
329,15,47.33,734.43,Month-to-month,Mailed check,DSL,No,No,No internet service,True,True
330,54,115.09,6461.94,One year,Mailed check,DSL,No internet service,No,Yes,False,False
331,60,35.11,2057.02,One year,Bank transfer,No,No,No internet service,No internet service,True,False
332,8,63.23,516.53,Month-to-month,Bank transfer,No,No internet service,Yes,No internet service,True,False
333,53,114.36,5818.63,Month-to-month,Bank transfer,DSL,Yes,No internet service,No,True,False
334,60,61.97,3544.76,Month-to-month,Bank transfer,Fiber optic,Yes,Yes,No internet service,True,False
335,5,83.85,421.78,Month-to-month,Electronic check,No,No internet service,Yes,Yes,True,False
336,68,59.76,4142.85,Month-to-month,Bank transfer,DSL,No,No internet service,Yes,True,False
337,6,47.42,292.94,One year,Mailed check,DSL,No internet service,No,No internet service,False,False
338,47,118.4,5475.88,Month-to-month,Credit card,DSL,No,No,No internet service,False,False
339,55,60.93,3185.78,Month-to-month,Bank transfer,Fiber optic,No internet service,Yes,Yes,True,False
340,40,109.41,4367.44,One year,Electronic check,DSL,No,No internet service,No,True,False
341,52,43.0,2127.74,Month-to-month,Mailed check,No,Yes,No,Yes,True,False
342,16,41.31,633.99,Two year,Credit card,Fiber optic,No internet service,No,Yes,True,False
343,13,23.11,295.22,Two year,Credit card,Fiber optic,Yes,Yes,No internet service,True,False
344,30,85.17,2539.05,One year,Bank transfer,DSL,Yes,Yes,No internet service,True,False
345,19,56.85,1056.33,One year,Credit card,Fiber optic,No internet service,No internet service,Yes,True,False
346,17,106.44,1824.29,Two year,Bank transfer,Fiber optic,No internet service,Yes,No,True,False
347,63,67.32,4052.58,Month-to-month,Bank transfer,Fiber optic,No,No,Yes,True,False
348,19,116.82,2140.69,Month-to-month,Mailed check,Fiber optic,No,No,Yes,True,True
349,58,38.55,2279.56,Month-to-month,Mailed check,Fiber optic,Yes,No,No,False,True
350,55,106.86,5666.98,One year,Electronic check,No,No,No,Yes,True,True
351,62,97.66,6139.55,Month-to-month,Mailed check,No,No,No internet service,Yes,True,False
352,23,97.09,2133.63,One year,Mailed check,Fiber optic,No internet service,No internet service,No internet service,True,False
353,9,104.48,931.61,Two year,Bank transfer,DSL,No,Yes,No,False,False
354,12,96.1,1116.0,Two year,Mailed check,DSL,Yes,Yes,No internet service,False,False
355,1,82.62,79.39,One year,Bank transfer,DSL,No,Yes,No internet service,False,False
356,58,33.12,1933.84,Month-to-month,Bank transfer,Fiber optic,Yes,No internet service,No,True,False
357,1,23.25,24.25,Two year,Mailed check,Fiber optic,No internet service,No,No,True,False
358,34,112.08,3641.06,One year,Electronic check,Fiber optic,Yes,Yes,Yes,False,False
359,48,81.67,3889.41,Month-to-month,Electronic check,No,No,No,No internet service,True,True
360,1,99.65,101.72,Month-to-month,Credit card,No,No internet service,Yes,No,True,True
361,16,68.15,1086.33,Two year,Credit card,No,No,Yes,No internet service,False,False
362,61,31.73,1994.85,One year,Mailed check,DSL,No internet service,Yes,No internet service,True,False
363,64,32.52,2014.61,Two year,Electronic check,Fiber optic,No internet service,Yes,No,True,False
364,63,88.56,5835.7,Two year,Bank transfer,DSL,No,Yes,Yes,True,False
365,69,63.03,4299.13,One year,Credit card,DSL,No,No,No internet service,True,False
366,22,40.05,867.14,One year,Bank transfer,DSL,No internet service,Yes,No,True,False
367,67,69.16,4807.3,Month-to-month,Credit card,DSL,No internet service,No,Yes,False,True
368,26,26.42,691.31,Month-to-month,Mailed check,Fiber optic,No,No internet service,No internet service,False,False
369,16,78.2,1253.26,Month-to-month,Electronic check,No,Yes,Yes,No,True,False
370,51,46.9,2446.19,One year,Credit card,DSL,No,No,No internet service,False,False
371,57,99.76,5731.72,One year,Electronic check,Fiber optic,No internet service,No internet service,No,True,False
372,29,51.04,1430.21,Two year,Bank transfer,Fiber optic,No,No internet service,No,True,False
373,69,65.52,4599.63,Month-to-month,Mailed check,DSL,Yes,No internet service,No internet service,False,True
374,47,21.16,958.07,One year,Electronic check,Fiber optic,No,No,No internet service,False,True
375,62,27.24,1740.54,One year,Mailed check,DSL,No internet service,Yes,No,False,False
376,69,59.25,4288.47,One year,Electronic check,Fiber optic,No,Yes,Yes,False,False
377,16,67.99,1074.5,One year,Bank transfer,Fiber optic,No internet service,No,No internet service,False,True
378,48,80.0,3818.79,Month-to-month,Bank transfer,DSL,No internet service,Yes,No,False,False
379,39,49.17,1830.65,One year,Mailed check,DSL,No,No,No,True,False
380,33,89.5,2809.88,Month-to-month,Bank transfer,Fiber optic,No internet service,Yes,Yes,False,False
381,23,106.01,2540.98,Month-to-month,Credit card,No,No internet service,No internet service,Yes,False,False
382,10,97.99,943.51,Month-to-month,Electronic check,DSL,Yes,Yes,Yes,False,False
383,69,23.96,1644.28,One year,Bank transfer,Fiber optic,Yes,No,No internet service,True,False
384,34,68.05,2386.66,Two year,Credit card,Fiber optic,Yes,No,No,True,False
385,52,30.49,1647.21,One year,Mailed check,No,Yes,No internet service,No,True,False
386,10,44.2,442.86,One year,Credit card,No,No internet service,No,No,True,False
387,19,118.67,2269.39,One year,Mailed check,Fiber optic,No,Yes,Yes,False,False
388,58,34.25,2020.21,One year,Mailed check,Fiber optic,No internet service,Yes,No,True,False
389,1,69.89,73.11,Month-to-month,Electronic check,No,No internet service,No internet service,No internet service,True,True
390,69,81.82,5703.54,Month-to-month,Electronic check,Fiber optic,No internet service,No,Yes,False,False
391,4,90.25,363.15,Month-to-month,Credit card,DSL,No,No internet service,Yes,True,True
392,16,75.96,1156.36,Month-to-month,Electronic check,DSL,Yes,Yes,Yes,True,False
393,24,20.98,482.42,Month-to-month,Electronic check,No,No internet service,No internet service,Yes,True,True
394,2,52.65,106.11,Month-to-month,Electronic check,No,No internet service,No,No internet service,False,False
395,32,71.77,2396.83,Month-to-month,Credit card,DSL,Yes,No internet service,No,True,False
396,24,28.79,716.3,Two year,Bank transfer,Fiber optic,No internet service,No,No internet service,False,False
397,12,55.06,692.6,Month-to-month,Electronic check,Fiber optic,No,No,No,True,True
398,50,23.32,1169.25,Month-to-month,Electronic check,DSL,No internet service,Yes,No internet service,True,True
399,35,27.86,1003.18,Month-to-month,Credit card,No,No internet service,Yes,Yes,True,True
400,33,59.69,2036.82,One year,Bank transfer,DSL,Yes,Yes,Yes,False,False
401,33,33.27,1114.16,Month-to-month,Electronic check,DSL,No internet service,No,No internet service,True,True
402,61,76.75,4606.26,Month-to-month,Mailed check,Fiber optic,No internet service,No internet service,No internet service,True,False
403,51,88.95,4522.83,One year,Credit card,Fiber optic,No,No,No,True,False
404,43,100.06,4456.58,Month-to-month,Electronic check,DSL,Yes,Yes,No internet service,False,False
405,12,40.02,470.57,Month-to-month,Electronic check,Fiber optic,Yes,Yes,No internet service,True,True
406,67,36.75,2566.59,Month-to-month,Mailed check,Fiber optic,No,No internet service,No,False,False
407,65,30.46,1926.4,Month-to-month,Mailed check,DSL,No internet service,Yes,No,False,False
408,33,83.64,2828.99,Month-to-month,Credit card,DSL,Yes,Yes,No,True,False
409,40,90.65,3673.34,Month-to-month,Credit card,Fiber optic,Yes,Yes,No internet service,True,True
410,43,23.16,1020.74,Two year,Mailed check,DSL,No internet service,No internet service,No,True,False
411,44,113.62,4967.96,One year,Credit card,No,No internet service,No,Yes,True,False
412,29,25.2,762.42,One year,Mailed check,No,Yes,Yes,Yes,True,False
413,13,74.13,976.46,Month-to-month,Electronic check,No,No internet service,No internet service,Yes,True,False
414,12,90.91,1067.82,Two year,Mailed check,DSL,Yes,Yes,No internet service,True,False
415,46,107.1,4994.81,Month-to-month,Mailed check,No,No internet service,No internet service,Yes,True,True
416,2,91.41,178.92,Month-to-month,Bank transfer,Fiber optic,No internet service,Yes,No internet service,True,True
417,35,100.17,3433.6,One year,Mailed check,DSL,No,No internet service,No internet service,True,False
418,8,53.95,427.27,Month-to-month,Mailed check,DSL,No internet service,Yes,Yes,False,True
419,26,101.48,2731.47,Month-to-month,Bank transfer,DSL,No,No,No,False,True
420,34,28.01,952.37,One year,Credit card,Fiber optic,No internet service,Yes,No internet service,False,False
421,7,109.48,780.07,Two year,Bank transfer,Fiber optic,Yes,No internet service,Yes,True,True
422,68,74.76,5028.76,Month-to-month,Electronic check,DSL,Yes,Yes,No internet service,True,False
423,58,101.73,5760.86,One year,Bank transfer,Fiber optic,No internet service,No,No,True,False
424,29,65.23,1977.67,Two year,Electronic check,DSL,No internet service,Yes,No,True,False
425,36,84.36,3068.42,Month-to-month,Credit card,Fiber optic,Yes,No internet service,Yes,True,False
426,21,72.64,1591.64,Month-to-month,Bank transfer,Fiber optic,No internet service,No internet service,No internet service,False,True
427,36,93.16,3254.29,Month-to-month,Bank transfer,No,No,No,No internet service,True,True
428,10,28.16,271.66,Month-to-month,Credit card,No,No,No internet service,No internet service,True,True
429,24,26.04,647.2,Month-to-month,Electronic check,Fiber optic,No,Yes,No internet service,False,False
430,64,44.71,2913.21,Two year,Bank transfer,Fiber optic,No,Yes,Yes,True,False
431,49,35.95,1706.34,One year,Electronic check,Fiber optic,No,Yes,No,True,False
432,36,107.18,3769.49,One year,Bank transfer,No,No internet service,No internet service,Yes,True,False
433,24,41.92,1036.33,Month-to-month,Mailed check,DSL,No internet service,Yes,No internet service,True,False
434,23,117.59,2692.09,Two year,Bank transfer,DSL,No,Yes,No internet service,False,False
435,62,53.69,3385.55,Two year,Credit card,DSL,No internet service,Yes,No,True,False
436,37,38.21,1388.09,Two year,Credit card,Fiber optic,No internet service,No,No internet service,True,False
437,12,98.97,1173.53,Month-to-month,Electronic check,Fiber optic,No,No internet service,Yes,False,False
438,55,85.87,4954.61,One year,Bank transfer,No,No internet service,No internet service,Yes,False,False
439,13,69.82,884.75,Month-to-month,Electronic check,DSL,No internet service,No internet service,No,False,True
440,23,75.54,1738.54,Month-to-month,Electronic check,Fiber optic,No internet service,No,Yes,False,True
441,30,91.92,2852.57,Month-to-month,Mailed check,No,No,No internet service,Yes,True,True
442,17,42.85,709.45,One year,Mailed check,No,No internet service,No,Yes,True,False
443,62,119.63,7354.17,One year,Credit card,Fiber optic,Yes,No,Yes,True,False
444,13,117.48,1544.82,Month-to-month,Electronic check,Fiber optic,Yes,No internet service,No internet service,True,True
445,59,85.03,5007.33,Month-to-month,Credit card,DSL,No,Yes,Yes,False,True
446,19,39.95,755.98,Month-to-month,Bank transfer,No,Yes,Yes,No,False,False
447,49,88.02,4253.68,Month-to-month,Electronic check,DSL,No,No internet service,No,True,True
448,12,27.22,329.47,Month-to-month,Electronic check,No,Yes,No internet service,Yes,True,True
449,61,23.07,1424.77,Month-to-month,Bank transfer,Fiber optic,Yes,No,No,True,False
450,19,45.77,882.96,One year,Bank transfer,Fiber optic,Yes,No internet service,Yes,False,False
451,9,66.26,570.72,Month-to-month,Credit card,DSL,No,No,No,True,True
452,71,106.83,7684.32,Month-to-month,Credit card,Fiber optic,No,No internet service,No,False,True
453,28,92.72,2713.83,Month-to-month,Bank transfer,Fiber optic,No internet service,Yes,Yes,False,False
454,52,94.27,4922.13,Two year,Credit card,DSL,No,Yes,Yes,False,False
455,16,62.55,1022.34,One year,Bank transfer,Fiber optic,Yes,No internet service,No internet service,False,False
456,69,54.59,3788.08,One year,Electronic check,No,Yes,No,Yes,False,False
457,12,57.1,709.51,Month-to-month,Electronic check,Fiber optic,No,Yes,Yes,True,True
458,25,118.76,3096.54,One year,Mailed check,Fiber optic,No,No,No internet service,True,False
459,52,24.01,1209.09,Month-to-month,Electronic check,DSL,No,No internet service,Yes,True,True
460,53,106.7,5619.39,One year,Bank transfer,Fiber optic,No internet service,No internet service,Yes,True,False
461,23,77.87,1771.74,Two year,Credit card,DSL,Yes,Yes,No internet service,False,False
462,16,63.86,1012.08,One year,Mailed check,Fiber optic,No internet service,No internet service,Yes,True,False
463,57,92.53,5076.7,Two year,Credit card,No,No internet service,Yes,Yes,False,False
464,39,68.67,2762.12,One year,Bank transfer,Fiber optic,Yes,No,No internet service,True,False
465,53,107.34,5424.92,Month-to-month,Electronic check,DSL,Yes,Yes,No internet service,True,True
466,42,110.07,4635.99,Two year,Mailed check,Fiber optic,No,Yes,No,False,False
467,58,62.17,3664.23,Month-to-month,Bank transfer,Fiber optic,No,No,Yes,True,False
468,39,47.68,1805.12,One year,Mailed check,Fiber optic,No internet service,Yes,No,True,False
469,14,79.24,1154.38,Month-to-month,Mailed check,No,No,Yes,No,True,False
470,5,111.24,575.03,Month-to-month,Electronic check,No,No,No internet service,No internet service,False,True
471,35,41.07,1433.29,Month-to-month,Bank transfer,Fiber optic,Yes,No,Yes,True,False
472,18,82.3,1468.24,Month-to-month,Credit card,Fiber optic,Yes,Yes,Yes,True,False
473,9,83.16,728.72,Month-to-month,Mailed check,DSL,No,No,No internet service,True,True
474,58,93.31,5536.45,One year,Mailed check,DSL,Yes,No,No,False,False
475,17,33.16,542.96,Month-to-month,Credit card,Fiber optic,No,Yes,No internet service,False,True
476,7,91.58,652.61,Month-to-month,Bank transfer,Fiber optic,Yes,No internet service,Yes,True,True
477,46,110.9,5276.1,One year,Mailed check,Fiber optic,Yes,No,No internet service,True,False
478,13,37.97,480.21,Month-to-month,Mailed check,Fiber optic,Yes,Yes,Yes,False,False
479,40,43.75,1814.12,One year,Mailed check,DSL,Yes,No,No,True,False
480,42,117.14,4690.28,One year,Bank transfer,Fiber optic,No,No internet service,Yes,True,False
481,9,38.1,357.05,Two year,Bank transfer,DSL,No internet service,No internet service,No,True,False
482,50,105.44,5070.8,One year,Credit card,DSL,Yes,No internet service,No,False,False
483,27,69.23,1896.46,Month-to-month,Bank transfer,No,No,Yes,Yes,True,False
484,66,44.72,2877.76,One year,Bank transfer,DSL,No,Yes,Yes,True,False
485,5,107.07,553.37,Month-to-month,Electronic check,Fiber optic,Yes,No internet service,No,False,True
486,29,64.53,1873.67,Month-to-month,Credit card,DSL,No internet service,Yes,No internet service,False,False
487,37,71.48,2548.29,One year,Mailed check,No,Yes,No internet service,Yes,True,False
488,38,55.92,2140.05,Month-to-month,Bank transfer,Fiber optic,No,Yes,No,True,False
489,8,79.3,628.56,One year,Mailed check,DSL,No internet service,No internet service,No,False,False
490,65,36.35,2400.9,Two year,Mailed check,Fiber optic,No,No,No internet service,False,False
491,17,59.11,1043.25,Two year,Electronic check,Fiber optic,Yes,No internet service,Yes,False,False
492,71,116.94,8227.51,Two year,Bank transfer,No,No internet service,No internet service,No,True,False
493,45,45.81,2018.13,Month-to-month,Credit card,DSL,No,Yes,No internet service,True,True
494,4,85.67,326.04,Month-to-month,Bank transfer,No,No,Yes,No,False,False
495,36,52.52,1904.87,One year,Mailed check,No,No,Yes,Yes,False,False
496,70,97.35,6747.91,Month-to-month,Credit card,No,Yes,Yes,No internet service,True,False
497,31,33.09,1012.93,One year,Bank transfer,Fiber optic,No internet service,Yes,No,True,False
498,19,116.98,2152.15,One year,Mailed check,Fiber optic,Yes,Yes,No internet service,False,False
499,61,65.38,3960.28,One year,Mailed check,Fiber optic,Yes,No,Yes,True,False
500,54,43.61,2469.02,Month-to-month,Electronic check,Fiber optic,Yes,No internet service,No internet service,True,False
501,39,27.35,1045.08,Month-to-month,Electronic check,Fiber optic,No internet service,No internet service,Yes,True,False
502,19,36.98,709.63,Month-to-month,Electronic check,Fiber optic,Yes,No internet service,No,True,False
503,39,71.98,2884.84,Month-to-month,Mailed check,Fiber optic,Yes,No,Yes,True,False
504,67,53.7,3687.54,Two year,Bank transfer,Fiber optic,Yes,No internet service,No,False,False
505,45,102.89,4550.77,Month-to-month,Electronic check,No,Yes,No,No,True,True
506,13,63.09,829.26,Month-to-month,Bank transfer,DSL,No,No,Yes,True,False
507,58,44.87,2699.08,Month-to-month,Electronic check,No,Yes,No,No,True,False
508,20,81.71,1555.01,One year,Credit card,Fiber optic,No,No internet service,No internet service,True,True
509,61,90.68,5495.93,One year,Credit card,No,Yes,No,No,True,False
510,39,36.7,1391.84,Month-to-month,Electronic check,Fiber optic,No internet service,No internet service,Yes,True,False
511,1,36.76,36.35,Month-to-month,Mailed check,Fiber optic,No,No internet service,No internet service,False,True
512,3,23.67,70.41,Month-to-month,Electronic check,No,No,Yes,No internet service,True,False
513,62,93.64,5948.89,Month-to-month,Electronic check,DSL,No,Yes,No,True,False
514,63,86.38,5220.9,One year,Mailed check,No,No,No,No,True,False
515,25,67.46,1688.62,One year,Credit card,Fiber optic,No internet service,No,Yes,True,False
516,56,104.42,5885.06,Month-to-month,Bank transfer,Fiber optic,Yes,No internet service,No internet service,False,False
517,33,100.57,3316.87,Month-to-month,Electronic check,DSL,No,No,Yes,True,True
518,38,78.54,3053.72,Two year,Mailed check,Fiber optic,No internet service,No,No,False,True
519,6,106.83,633.53,Month-to-month,Electronic check,DSL,No,No internet service,No internet service,True,True
520,58,40.58,2458.37,One year,Mailed check,DSL,Yes,No,Yes,False,False
521,44,31.19,1369.86,Month-to-month,Bank transfer,DSL,No,No,Yes,True,True
522,45,46.97,2128.7,Month-to-month,Bank transfer,DSL,No internet service,No internet service,Yes,False,True
523,32,25.71,849.5,Month-to-month,Credit card,No,Yes,No internet service,Yes,True,False
524,45,73.12,3216.44,One year,Mailed check,No,No internet service,Yes,Yes,True,False
525,61,113.66,6638.74,Two year,Mailed check,Fiber optic,Yes,No internet service,No internet service,False,False
526,47,23.93,1148.08,Month-to-month,Credit card,Fiber optic,Yes,Yes,Yes,False,False
527,21,32.21,675.26,Month-to-month,Credit card,DSL,Yes,No,No internet service,True,False
528,36,65.22,2441.02,Month-to-month,Mailed check,Fiber optic,No,No internet service,Yes,True,False
529,19,113.39,2258.4,Month-to-month,Credit card,No,No internet service,No internet service,No,True,True
530,20,51.62,1021.98,Month-to-month,Bank transfer,No,No internet service,No internet service,No,False,False
531,57,70.72,3996.95,Month-to-month,Electronic check,Fiber optic,No internet service,No,Yes,True,True
532,18,24.16,430.88,One year,Bank transfer,Fiber optic,Yes,Yes,No,True,False
533,47,34.83,1608.29,Month-to-month,Credit card,DSL,No,No,No internet service,False,True
534,49,118.66,5978.12,Month-to-month,Mailed check,No,Yes,No,Yes,False,False
535,14,116.51,1673.39,Two year,Mailed check,DSL,No internet service,No internet service,No internet service,False,True
536,15,20.49,306.69,Month-to-month,Bank transfer,Fiber optic,No,Yes,Yes,False,False
537,31,115.18,3408.0,Two year,Mailed check,Fiber optic,No,No,No,False,False
538,1,83.91,82.31,Month-to-month,Credit card,Fiber optic,No,No internet service,No internet service,True,False
539,54,106.79,5646.89,Two year,Bank transfer,DSL,No internet service,No,No,True,False
540,3,65.47,202.52,One year,Mailed check,No,No,No,No,False,True
541,16,71.56,1097.74,Two year,Electronic check,DSL,No,No internet service,Yes,True,True
542,57,68.88,4046.17,Two year,Electronic check,Fiber optic,Yes,No internet service,No internet service,False,False
543,12,86.69,1057.88,Month-to-month,Credit card,DSL,Yes,Yes,No,True,False
544,16,33.97,556.15,Two year,Mailed check,DSL,No,No,Yes,True,True
545,24,23.0,548.26,Month-to-month,Credit card,Fiber optic,No,No internet service,Yes,False,False
546,28,50.79,1447.68,Month-to-month,Bank transfer,Fiber optic,Yes,No internet service,Yes,False,True
547,8,90.47,731.65,Month-to-month,Electronic check,DSL,Yes,Yes,No,True,False
548,36,40.19,1485.76,One year,Bank transfer,DSL,Yes,Yes,Yes,False,False
549,8,87.34,695.0,Month-to-month,Mailed check,Fiber optic,No internet service,No internet service,No internet service,False,False
550,58,116.99,6766.98,One year,Credit card,Fiber optic,No internet service,Yes,No internet service,True,False
551,60,29.39,1788.72,One year,Credit card,No,Yes,No internet service,No,True,False
552,50,87.26,4192.0,One year,Credit card,DSL,No,No,No internet service,False,True
553,28,64.38,1791.15,Two year,Bank transfer,Fiber optic,Yes,Yes,Yes,False,False
554,41,106.81,4585.89,Month-to-month,Electronic check,DSL,No internet service,No,No,True,False
555,64,37.71,2301.83,Month-to-month,Bank transfer,DSL,No,No,Yes,False,False
556,27,89.26,2365.68,Month-to-month,Bank transfer,Fiber optic,No internet service,No,No,False,False
557,63,103.81,6418.46,Month-to-month,Mailed check,Fiber optic,No,No internet service,No,True,False
558,17,114.46,1971.79,Month-to-month,Mailed check,DSL,No internet service,No,Yes,False,True
559,33,88.32,2799.67,Month-to-month,Mailed check,DSL,No,No,No internet service,True,False
560,29,69.72,2047.87,Month-to-month,Electronic check,DSL,No,No,No internet service,True,False
561,13,81.78,1020.09,Two year,Electronic check,No,No,No internet service,No,False,True
562,46,106.89,4717.78,One year,Mailed check,No,No,No,Yes,False,True
563,35,77.06,2758.64,Month-to-month,Mailed check,DSL,No internet service,No,Yes,False,False
564,6,23.04,135.81,One year,Electronic check,DSL,No internet service,Yes,No,True,False
565,69,113.09,8175.75,Month-to-month,Credit card,No,No,No internet service,No internet service,True,True
566,47,88.95,3987.23,Month-to-month,Electronic check,No,No,No,Yes,True,True
567,25,87.65,2179.22,One year,Electronic check,Fiber optic,No internet service,Yes,No internet service,True,True
568,66,41.57,2637.48,Month-to-month,Electronic check,DSL,No,No internet service,No internet service,True,False
569,10,85.89,846.13,Month-to-month,Mailed check,DSL,No,No internet service,No,True,True
570,56,59.39,3491.54,Two year,Credit card,Fiber optic,No,No internet service,No,True,False
571,30,85.12,2652.89,Two year,Electronic check,Fiber optic,Yes,No internet service,No internet service,False,False
572,5,30.66,146.38,One year,Mailed check,DSL,No,No internet service,Yes,True,False
573,33,85.78,2848.65,One year,Bank transfer,Fiber optic,Yes,No internet service,Yes,True,False
574,65,119.94,7911.34,One year,Bank transfer,DSL,No,No,No,True,True
575,18,24.82,433.78,Month-to-month,Electronic check,Fiber optic,No internet service,No,No internet service,True,True
576,49,117.72,5563.57,Month-to-month,Bank transfer,DSL,Yes,No,Yes,True,False
577,11,60.69,694.59,Month-to-month,Credit card,DSL,Yes,No,Yes,True,True
578,26,107.08,2914.6,Month-to-month,Bank transfer,Fiber optic,No,Yes,No,False,True
579,63,98.24,6493.56,One year,Bank transfer,Fiber optic,No,No,No internet service,True,False
580,59,76.7,4656.43,Month-to-month,Credit card,No,Yes,No internet service,Yes,False,False
581,27,93.84,2575.11,Two year,Electronic check,Fiber optic,No internet service,No,No,False,False
582,49,107.85,5203.12,Two year,Electronic check,DSL,No internet service,No,Yes,False,True
583,33,60.41,1928.02,One year,Credit card,Fiber optic,No,No internet service,Yes,True,False
584,1,52.7,50.48,One year,Credit card,DSL,No internet service,No,Yes,False,True
585,21,86.76,1857.18,Two year,Credit card,No,No internet service,No,No,True,False
586,55,100.78,5700.72,Month-to-month,Bank transfer,Fiber optic,No,No,No internet service,True,False
587,6,96.23,596.23,One year,Credit card,Fiber optic,No internet service,Yes,No,False,False
588,69,99.78,7169.69,Month-to-month,Mailed check,DSL,No,No,No internet service,False,True
589,5,63.56,329.87,One year,Bank transfer,Fiber optic,Yes,No internet service,Yes,True,False
590,3,101.78,320.6,Month-to-month,Electronic check,No,No,No internet service,No internet service,True,True
591,53,32.02,1653.63,Two year,Electronic check,No,Yes,No,Yes,True,False
592,23,74.45,1757.44,Two year,Electronic check,DSL,Yes,No,Yes,True,False
593,53,20.58,1100.17,Month-to-month,Bank transfer,DSL,No internet service,No,No,True,True
594,37,52.46,1894.68,Month-to-month,Mailed check,No,No internet service,No internet service,Yes,False,False
595,17,56.65,1009.46,Two year,Credit card,No,No internet service,No internet service,No,False,False
596,1,59.62,61.99,Month-to-month,Credit card,DSL,No,Yes,No internet service,False,False
597,51,89.55,4397.39,Two year,Electronic check,Fiber optic,No internet service,Yes,No internet service,True,False
598,45,58.86,2523.19,One year,Electronic check,DSL,Yes,Yes,Yes,False,False
599,4,64.87,264.37,Month-to-month,Bank transfer,No,No internet service,No internet service,No,False,True
600,62,43.75,2740.75,Month-to-month,Mailed check,DSL,No internet service,Yes,Yes,False,True
601,65,57.33,3888.85,Month-to-month,Credit card,DSL,No,No,No,True,False
602,32,42.73,1330.99,One year,Bank transfer,Fiber optic,No,No,No,True,False
603,34,27.32,890.27,Month-to-month,Credit card,DSL,Yes,No internet service,No,True,False
604,39,80.34,3057.82,One year,Electronic check,Fiber optic,No,Yes,No internet service,True,False
605,26,86.82,2148.73,Month-to-month,Credit card,Fiber optic,No internet service,No,No,False,True
606,34,81.95,2656.99,One year,Mailed check,DSL,No,No internet service,No internet service,False,False
607,54,66.35,3731.54,Two year,Mailed check,Fiber optic,Yes,Yes,No,True,False
608,3,57.98,171.37,Two year,Electronic check,Fiber optic,No internet service,No,No internet service,True,False
609,50,106.33,5269.08,Month-to-month,Mailed check,DSL,Yes,Yes,No internet service,True,False
610,12,71.91,821.36,Two year,Mailed check,Fiber optic,No,No internet service,No internet service,True,False
611,65,67.92,4313.49,One year,Bank transfer,No,No,Yes,Yes,True,False
612,54,22.56,1255.36,One year,Credit card,Fiber optic,Yes,No internet service,No,False,False
613,5,54.12,273.73,Two year,Electronic check,DSL,No internet service,Yes,Yes,True,False
614,57,58.02,3391.07,Month-to-month,Electronic check,DSL,No,No,No,False,False
615,17,59.88,1012.59,Month-to-month,Electronic check,DSL,No,No internet service,No,True,True
616,47,78.02,3597.17,Two year,Electronic check,Fiber optic,No internet service,No internet service,Yes,True,False
617,23,73.36,1684.38,Month-to-month,Electronic check,Fiber optic,No,No internet service,No internet service,True,True
618,14,80.79,1111.05,Two year,Mailed check,Fiber optic,Yes,Yes,No,False,False
619,66,96.49,6584.21,Two year,Bank transfer,DSL,No,Yes,No internet service,True,False
620,51,101.3,5061.77,Month-to-month,Electronic check,DSL,No,No,Yes,False,True
621,38,91.81,3544.52,Two year,Bank transfer,Fiber optic,No internet service,No internet service,No internet service,True,False
622,64,115.55,7126.74,Month-to-month,Bank transfer,Fiber optic,Yes,No internet service,No,False,False
623,38,21.82,844.65,One year,Mailed check,DSL,No internet service,Yes,No,False,False
624,50,39.58,2060.79,One year,Electronic check,Fiber optic,No,Yes,No,True,False
625,30,20.76,629.56,Two year,Mailed check,DSL,No,No,Yes,False,False
626,51,84.75,4348.12,Month-to-month,Electronic check,No,No internet service,No,No,True,True
627,63,109.8,7236.37,Month-to-month,Mailed check,No,No internet service,Yes,Yes,False,True
628,52,44.35,2335.58,One year,Bank transfer,DSL,No internet service,No internet service,No internet service,True,False
629,38,112.7,4179.63,One year,Electronic check,DSL,Yes,No,No,True,False
630,30,26.03,764.69,One year,Credit card,Fiber optic,No,Yes,No,False,False
631,51,113.44,5904.22,Month-to-month,Bank transfer,DSL,No internet service,Yes,No,False,False
632,5,55.16,282.29,Month-to-month,Credit card,Fiber optic,No,No internet service,No internet service,True,True
633,29,30.14,856.88,Month-to-month,Bank transfer,No,Yes,Yes,No,False,True
634,4,68.59,270.12,Two year,Mailed check,Fiber optic,Yes,Yes,Yes,True,False
635,10,45.68,479.23,Month-to-month,Electronic check,No,Yes,No,No internet service,True,False
636,56,48.49,2607.35,Month-to-month,Bank transfer,Fiber optic,Yes,Yes,No internet service,False,False
637,17,50.73,854.19,Two year,Mailed check,DSL,No,Yes,No internet service,True,False
638,17,100.3,1630.49,Month-to-month,Electronic check,Fiber optic,Yes,No,No internet service,True,False
639,69,73.92,5264.25,Two year,Electronic check,Fiber optic,Yes,No internet service,No internet service,False,False
640,34,51.13,1667.55,One year,Bank transfer,Fiber optic,No internet service,No internet service,Yes,True,False
641,6,81.03,494.64,Two year,Electronic check,DSL,Yes,No,No internet service,False,True
642,53,91.62,4640.49,Month-to-month,Bank transfer,DSL,No internet service,No,No,True,False
643,66,47.26,3173.08,Month-to-month,Electronic check,No,Yes,No internet service,No internet service,True,False
644,43,61.35,2728.54,One year,Credit card,DSL,Yes,No internet service,No internet service,True,False
645,23,32.19,732.88,Two year,Mailed check,No,No internet service,No internet service,No internet service,False,False
646,55,38.11,2100.69,One year,Credit card,No,Yes,No internet service,No internet service,False,False
647,16,88.11,1395.88,Month-to-month,Bank transfer,Fiber optic,No,No internet service,No internet service,True,True
648,8,38.14,299.03,One year,Credit card,Fiber optic,No,No,Yes,True,False
649,4,72.52,298.88,One year,Bank transfer,Fiber optic,Yes,Yes,Yes,False,False
650,4,90.9,355.31,One year,Electronic check,No,No,No internet service,No internet service,True,False
651,56,30.69,1756.96,One year,Electronic check,DSL,No internet service,No internet service,Yes,False,True
652,25,76.73,1861.89,Two year,Bank transfer,Fiber optic,Yes,Yes,No,True,False
653,67,45.66,2982.69,One year,Credit card,Fiber optic,Yes,Yes,No internet service,False,False
654,67,116.29,7664.01,Month-to-month,Electronic check,Fiber optic,No internet service,Yes,No,True,True
655,27,68.35,1861.9,Month-to-month,Mailed check,Fiber optic,No internet service,Yes,No,False,False
656,32,100.6,3204.53,Month-to-month,Electronic check,DSL,No internet service,Yes,No internet service,False,True
657,50,75.02,3842.95,Month-to-month,Mailed check,Fiber optic,Yes,Yes,No,True,False
658,61,24.34,1442.21,Month-to-month,Credit card,No,No internet service,No,No,True,False
659,51,83.32,4041.39,Month-to-month,Mailed check,DSL,No internet service,Yes,No,False,False
660,19,115.14,2248.16,Month-to-month,Mailed check,No,No,Yes,No internet service,False,False
661,21,80.16,1737.51,Month-to-month,Mailed check,Fiber optic,No,No,No internet service,True,True
662,5,101.92,487.15,Two year,Mailed check,No,Yes,Yes,No,True,False
663,42,108.42,4604.14,Two year,Electronic check,Fiber optic,No,No internet service,No internet service,False,True
664,61,42.81,2579.6,Month-to-month,Mailed check,Fiber optic,No,No internet service,No internet service,True,True
665,22,41.2,933.04,Two year,Electronic check,DSL,No internet service,Yes,No,False,False
666,21,81.1,1766.87,One year,Mailed check,No,No internet service,No,No internet service,True,True
667,70,61.1,4427.12,Month-to-month,Bank transfer,DSL,No,No internet service,Yes,False,False
668,1,103.99,106.87,Month-to-month,Credit card,No,No,No,No internet service,False,True
669,5,110.0,537.3,One year,Mailed check,No,No,No internet service,Yes,False,False
670,12,55.34,684.79,One year,Bank transfer,DSL,Yes,Yes,No,True,False
671,46,43.69,2016.47,One year,Mailed check,DSL,Yes,No,No internet service,False,False
672,34,98.05,3184.6,Month-to-month,Mailed check,Fiber optic,Yes,No,No,True,False
673,49,47.48,2316.5,Month-to-month,Mailed check,DSL,No,No,No,True,True
674,45,102.26,4805.17,Month-to-month,Bank transfer,No,No,No internet service,No,True,True
675,27,62.37,1749.31,Month-to-month,Credit card,DSL,Yes,No internet service,No,True,False
676,26,86.75,2165.79,Month-to-month,Bank transfer,DSL,Yes,No internet service,No,False,False
677,47,29.55,1422.76,Month-to-month,Credit card,No,No,Yes,No internet service,True,False
678,56,82.39,4754.93,Two year,Mailed check,Fiber optic,No internet service,No internet service,Yes,False,False
679,63,65.18,4012.46,Two year,Electronic check,No,Yes,Yes,No internet service,False,False
680,48,78.66,3764.96,Month-to-month,Mailed check,DSL,No,No,No internet service,False,False
681,61,36.8,2292.16,Two year,Credit card,Fiber optic,No,No,No internet service,True,False
682,26,93.69,2421.09,Month-to-month,Bank transfer,Fiber optic,No internet service,Yes,No internet service,True,False
683,36,106.28,3677.93,Month-to-month,Mailed check,Fiber optic,No,No internet service,Yes,False,True
684,1,41.67,42.53,Month-to-month,Bank transfer,Fiber optic,No,Yes,No internet service,True,True
685,8,29.57,246.3,One year,Bank transfer,Fiber optic,Yes,No,No,True,False
686,52,22.36,1180.45,Two year,Bank transfer,Fiber optic,Yes,No,No internet service,True,False
687,47,84.2,4065.75,One year,Mailed check,DSL,No internet service,Yes,No internet service,True,False
688,56,80.71,4455.74,Month-to-month,Bank transfer,Fiber optic,No internet service,No internet service,Yes,False,True
689,14,74.67,1012.26,One year,Bank transfer,DSL,No,No internet service,Yes,True,False
690,28,43.19,1226.59,Month-to-month,Mailed check,Fiber optic,Yes,Yes,No,True,False
691,2,59.09,116.14,Two year,Bank transfer,DSL,No internet service,Yes,No internet service,True,False
692,26,79.45,2140.08,One year,Mailed check,Fiber optic,No internet service,No internet service,No internet service,True,False
693,14,69.68,938.71,Month-to-month,Credit card,Fiber optic,No internet service,No,No internet service,True,False
694,59,118.78,6961.39,One year,Credit card,DSL,No,Yes,No,True,False
695,56,33.64,1864.39,One year,Credit card,DSL,Yes,No internet service,Yes,True,False
696,7,89.51,654.02,Month-to-month,Bank transfer,DSL,No internet service,No internet service,No,False,False
697,3,60.43,175.0,One year,Electronic check,Fiber optic,Yes,No,No internet service,True,True
698,23,62.82,1374.04,Month-to-month,Electronic check,No,No internet service,No,Yes,True,False
699,18,91.76,1608.42,One year,Bank transfer,DSL,No internet service,No,Yes,True,False
700,38,89.24,3499.73,Two year,Electronic check,Fiber optic,Yes,No,No,True,False
701,15,119.13,1735.01,Two year,Mailed check,DSL,Yes,No,Yes,False,False
702,64,32.84,2047.3,One year,Electronic check,Fiber optic,Yes,Yes,Yes,True,False
703,28,30.41,819.97,One year,Bank transfer,No,No,No internet service,No internet service,True,False
704,39,92.43,3682.43,Month-to-month,Bank transfer,DSL,No internet service,Yes,No internet service,True,False
705,57,77.84,4245.73,One year,Mailed check,Fiber optic,No,Yes,Yes,False,False
706,17,47.42,792.53,Month-to-month,Credit card,DSL,Yes,Yes,Yes,True,False
707,44,27.94,1202.62,Month-to-month,Bank transfer,DSL,No internet service,Yes,No,False,False
708,25,28.57,718.19,Month-to-month,Mailed check,DSL,No,Yes,No,True,False
709,17,109.42,1903.0,Month-to-month,Electronic check,DSL,No internet service,No,Yes,False,True
710,13,39.19,511.14,One year,Electronic check,Fiber optic,No,No,No internet service,False,True
711,25,52.34,1364.9,Month-to-month,Mailed check,Fiber optic,Yes,No internet service,Yes,True,False
712,68,42.67,3032.55,One year,Mailed check,Fiber optic,No,Yes,Yes,True,False
713,10,55.5,547.31,Month-to-month,Bank transfer,DSL,No internet service,No internet service,No internet service,True,False
714,67,26.94,1855.1,Month-to-month,Electronic check,DSL,No internet service,No,No internet service,True,False
715,18,71.91,1325.29,One year,Mailed check,Fiber optic,No internet service,No,No,True,False
716,34,26.76,945.59,Month-to-month,Electronic check,No,No internet service,No,No,True,True
717,8,100.04,796.15,Month-to-month,Mailed check,DSL,Yes,Yes,No,True,False
718,40,43.37,1740.09,One year,Electronic check,No,No,Yes,No,True,False
719,42,74.0,3081.82,Month-to-month,Credit card,Fiber optic,Yes,No,No internet service,True,False
720,41,108.01,4583.57,Two year,Bank transfer,Fiber optic,Yes,No internet service,Yes,True,False
721,6,85.09,496.74,Month-to-month,Electronic check,Fiber optic,Yes,No internet service,No,True,True
722,52,73.3,3712.39,Month-to-month,Credit card,DSL,No internet service,No,No,False,True
723,26,52.43,1345.81,One year,Electronic check,DSL,No internet service,No internet service,No internet service,True,True
724,64,53.3,3319.21,Month-to-month,Electronic check,Fiber optic,No internet service,No,No internet service,False,True
725,59,86.95,5161.35,Month-to-month,Credit card,DSL,No,No internet service,Yes,True,False
726,56,119.41,6442.54,Month-to-month,Electronic check,No,No internet service,No,Yes,True,False
727,59,86.18,4993.19,Month-to-month,Electronic check,Fiber optic,No,No internet service,No internet service,True,True
728,70,75.78,5523.92,Two year,Bank transfer,DSL,No internet service,Yes,No,True,False
729,33,93.07,3043.43,Month-to-month,Credit card,Fiber optic,No internet service,No,No,False,False
730,53,66.52,3613.08,One year,Credit card,DSL,Yes,No,No,False,False
731,22,26.01,550.1,Two year,Mailed check,Fiber optic,Yes,No internet service,Yes,True,False
732,21,76.23,1560.42,Month-to-month,Electronic check,Fiber optic,Yes,No,No,False,False
733,70,115.76,8352.25,Two year,Bank transfer,No,No,No,No,True,False
734,70,37.53,2696.19,Month-to-month,Electronic check,Fiber optic,No,No,No internet service,False,True
735,4,89.0,351.95,Two year,Electronic check,Fiber optic,No internet service,Yes,No,False,True
736,62,40.09,2598.52,Month-to-month,Mailed check,Fiber optic,No,Yes,No internet service,True,True
737,62,73.58,4749.29,One year,Electronic check,No,No internet service,No internet service,No,True,False
738,24,29.67,745.0,Month-to-month,Bank transfer,DSL,No,Yes,Yes,True,False
739,55,65.04,3551.41,Month-to-month,Bank transfer,DSL,No,No internet service,No,False,False
740,9,95.62,834.55,One year,Mailed check,DSL,No,Yes,No,True,False
741,3,54.76,166.36,One year,Electronic check,DSL,Yes,No internet service,No internet service,False,False
742,31,86.49,2730.73,Month-to-month,Bank transfer,Fiber optic,No,Yes,No internet service,False,True
743,40,99.54,3832.47,Month-to-month,Electronic check,Fiber optic,Yes,Yes,No internet service,True,False
744,36,112.72,4174.17,One year,Electronic check,Fiber optic,Yes,No internet service,No,True,False
745,24,43.46,992.77,One year,Electronic check,DSL,No,No,No,False,True
746,6,59.93,358.96,Two year,Mailed check,Fiber optic,No internet service,No,Yes,True,True
747,66,35.24,2286.54,One year,Electronic check,DSL,No internet service,Yes,No,False,False
748,4,119.25,488.46,Two year,Bank transfer,Fiber optic,No internet service,No internet service,Yes,True,False
749,6,112.7,663.54,One year,Electronic check,Fiber optic,No,No,No internet service,True,True
750,51,74.0,3897.34,Month-to-month,Bank transfer,DSL,No internet service,No internet service,No internet service,True,False
751,62,104.2,6521.74,Month-to-month,Electronic check,DSL,Yes,No,No internet service,False,False
752,57,72.1,4230.48,One year,Bank transfer,DSL,No internet service,No internet service,Yes,True,False
753,66,82.36,5701.75,One year,Bank transfer,No,No,Yes,No,False,False
754,8,28.91,235.42,Month-to-month,Electronic check,No,No internet service,No internet service,No internet service,True,True
755,26,95.53,2604.23,Month-to-month,Electronic check,Fiber optic,Yes,No,No,False,False
756,51,32.77,1592.53,Two year,Bank transfer,DSL,No,Yes,No,True,False
757,45,102.61,4542.71,One year,Credit card,Fiber optic,No internet service,No internet service,No internet service,True,False
758,44,98.2,4151.36,Month-to-month,Mailed check,Fiber optic,No,No,Yes,False,False
759,5,90.87,443.55,Month-to-month,Credit card,Fiber optic,No,Yes,No,True,False
760,70,23.62,1709.43,Month-to-month,Credit card,DSL,No,No internet service,No internet service,True,False
761,26,50.31,1246.89,Month-to-month,Electronic check,DSL,No internet service,No,No,True,False
762,68,46.31,3155.44,Month-to-month,Mailed check,Fiber optic,No,No internet service,No,False,True
763,19,56.01,1071.33,Month-to-month,Credit card,Fiber optic,No internet service,No internet service,No,False,False
764,20,28.76,578.72,One year,Electronic check,DSL,Yes,Yes,No,True,False
765,12,113.7,1361.03,Month-to-month,Credit card,DSL,No internet service,Yes,No,True,False
766,47,75.38,3645.82,Two year,Credit card,Fiber optic,Yes,No,Yes,False,False
767,1,50.55,48.7,Two year,Electronic check,No,No internet service,Yes,Yes,True,False
768,14,59.7,819.97,Month-to-month,Electronic check,No,No,No,No internet service,False,False
769,64,64.72,4190.01,One year,Electronic check,Fiber optic,No internet service,No internet service,Yes,True,False
770,38,80.06,3100.37,Month-to-month,Mailed check,Fiber optic,No,No internet service,Yes,False,False
771,37,71.57,2622.71,Two year,Credit card,DSL,Yes,No,Yes,False,False
772,11,111.94,1277.56,Month-to-month,Electronic check,Fiber optic,No internet service,No internet service,No,False,False
773,3,69.7,207.33,One year,Bank transfer,Fiber optic,No,Yes,No,False,False
774,33,119.22,3896.01,One year,Credit card,Fiber optic,Yes,No internet service,No internet service,True,False
775,6,105.14,601.58,Month-to-month,Bank transfer,Fiber optic,Yes,Yes,No internet service,True,True
776,50,40.85,2052.95,Month-to-month,Mailed check,DSL,No internet service,No,No internet service,True,True
777,10,113.06,1154.19,One year,Electronic check,DSL,Yes,No,No,False,False
778,5,31.64,152.1,One year,Bank transfer,DSL,No,No internet service,Yes,False,False
779,23,101.74,2294.49,Month-to-month,Mailed check,DSL,Yes,No internet service,Yes,False,False
780,10,58.06,596.93,One year,Electronic check,DSL,Yes,Yes,No,True,True
781,44,107.8,4679.6,Month-to-month,Bank transfer,No,No,Yes,No internet service,True,False
782,2,106.81,208.1,One year,Bank transfer,Fiber optic,Yes,No internet service,No internet service,True,False
783,13,100.59,1330.19,Month-to-month,Mailed check,Fiber optic,Yes,No internet service,No internet service,False,True
784,40,99.0,3839.92,Two year,Electronic check,No,Yes,No,No,True,False
785,2,50.47,104.93,Month-to-month,Electronic check,No,Yes,No,No internet service,True,False
786,65,28.09,1753.84,Month-to-month,Bank transfer,Fiber optic,No,No,No internet service,False,False
787,63,60.3,3877.37,Month-to-month,Bank transfer,No,Yes,No internet service,No,True,False
788,17,37.35,634.92,Month-to-month,Bank transfer,DSL,No,No internet service,Yes,True,False
789,9,89.5,835.3,One year,Electronic check,DSL,Yes,No internet service,No,True,True
790,15,54.61,788.53,Month-to-month,Mailed check,Fiber optic,Yes,No,No,False,False
791,24,117.56,2871.63,Two year,Mailed check,Fiber optic,Yes,No internet service,No,True,False
792,38,84.1,3218.83,Month-to-month,Electronic check,Fiber optic,Yes,Yes,No,False,False
793,35,102.25,3571.62,Month-to-month,Credit card,DSL,No,No internet service,Yes,True,True
794,49,33.25,1627.85,Month-to-month,Mailed check,DSL,No,No internet service,No internet service,False,False
795,69,106.2,7490.46,Month-to-month,Bank transfer,Fiber optic,No,No internet service,No,True,True
796,62,112.28,7266.09,Month-to-month,Credit card,DSL,No internet service,No internet service,Yes,True,True
797,60,68.71,3954.09,Month-to-month,Credit card,Fiber optic,Yes,No internet service,No internet service,False,False
798,50,80.63,3837.79,Month-to-month,Mailed check,Fiber optic,Yes,Yes,No internet service,False,False
799,9,96.48,894.86,Month-to-month,Credit card,Fiber optic,No,Yes,No internet service,True,False
800,34,37.48,1224.39,One year,Credit card,Fiber optic,No internet service,No internet service,No,False,False
801,35,70.26,2578.78,One year,Mailed check,No,Yes,No,No,True,False
802,1,59.87,60.58,Month-to-month,Mailed check,Fiber optic,No,No internet service,No internet service,False,True
803,40,34.64,1406.5,Month-to-month,Credit card,Fiber optic,Yes,No internet service,No internet service,False,False
804,64,56.75,3522.64,Two year,Bank transfer,Fiber optic,Yes,No internet service,No internet service,True,False
805,22,26.82,574.72,One year,Electronic check,DSL,No,No,No internet service,False,False
806,60,22.58,1376.39,One year,Credit card,DSL,No,No,No internet service,True,False
807,64,33.52,2233.18,Month-to-month,Credit card,DSL,Yes,No,No internet service,True,False
808,11,116.31,1341.13,One year,Bank transfer,Fiber optic,Yes,Yes,Yes,False,False
809,14,74.95,1017.61,One year,Credit card,Fiber optic,No,No,No internet service,False,False
810,60,116.58,6738.87,One year,Credit card,No,Yes,Yes,No,True,False
811,30,63.25,1813.33,Two year,Electronic check,DSL,Yes,Yes,No,True,False
812,35,51.18,1857.27,Month-to-month,Electronic check,DSL,No,No,No,True,True
813,37,70.61,2558.94,Month-to-month,Electronic check,No,Yes,No,No internet service,False,True
814,5,63.95,303.82,One year,Mailed check,DSL,Yes,No,No,True,False
815,26,30.57,772.87,Two year,Mailed check,Fiber optic,No internet service,Yes,Yes,True,False
816,62,84.08,5129.78,Month-to-month,Electronic check,Fiber optic,No,No internet service,No internet service,True,True
817,4,41.6,174.57,Month-to-month,Electronic check,Fiber optic,No internet service,No,No,True,True
818,42,81.96,3450.42,Month-to-month,Mailed check,DSL,No internet service,No,Yes,True,False
819,18,85.02,1485.17,Month-to-month,Bank transfer,DSL,No internet service,No,Yes,True,True
820,40,35.2,1384.74,One year,Credit card,DSL,Yes,Yes,No,True,False
821,39,26.13,1001.78,One year,Credit card,Fiber optic,Yes,Yes,Yes,True,False
822,14,98.08,1307.17,Month-to-month,Electronic check,Fiber optic,No internet service,No internet service,No,False,False
823,32,65.98,2034.33,Month-to-month,Bank transfer,DSL,No internet service,No,Yes,True,False
824,51,25.82,1342.52,Month-to-month,Mailed check,Fiber optic,No internet service,Yes,No internet service,False,False
825,38,119.49,4368.19,Month-to-month,Electronic check,No,Yes,No internet service,No internet service,False,False
826,23,25.78,576.97,One year,Bank transfer,DSL,No internet service,No,No internet service,False,False
827,63,89.5,5554.34,Two year,Bank transfer,Fiber optic,No internet service,Yes,No internet service,False,False
828,15,118.37,1821.31,Two year,Bank transfer,Fiber optic,No,No,No internet service,True,False
829,25,43.92,1107.05,Month-to-month,Mailed check,DSL,No,No,No,True,False
830,17,34.22,592.73,Two year,Mailed check,DSL,Yes,Yes,No internet service,True,False
831,66,32.14,2135.45,One year,Credit card,Fiber optic,No,Yes,No internet service,True,False
832,53,50.33,2716.46,One year,Credit card,No,No,Yes,No internet service,False,False
833,51,30.1,1458.78,Month-to-month,Bank transfer,No,No,No,No internet service,False,False
834,39,89.22,3629.51,Month-to-month,Bank transfer,Fiber optic,Yes,No,Yes,False,True
835,51,26.23,1285.68,Month-to-month,Mailed check,Fiber optic,No,No internet service,No internet service,True,False
836,70,70.94,4919.25,Month-to-month,Credit card,Fiber optic,Yes,No,No internet service,False,False
837,6,119.67,737.48,Month-to-month,Bank transfer,Fiber optic,No internet service,Yes,No,True,True
838,67,101.4,6749.8,Month-to-month,Credit card,Fiber optic,No,No,Yes,True,True
839,7,81.52,596.14,Month-to-month,Credit card,DSL,Yes,No internet service,No,True,False
840,51,50.63,2573.76,One year,Bank transfer,Fiber optic,No,No internet service,No internet service,False,False
841,42,82.39,3590.12,Month-to-month,Mailed check,Fiber optic,No internet service,Yes,No,True,False
842,64,72.7,4797.42,Month-to-month,Bank transfer,Fiber optic,Yes,Yes,No,False,False
843,15,62.61,984.32,Two year,Bank transfer,No,Yes,No internet service,No internet service,False,False
844,29,33.07,999.94,Two year,Credit card,DSL,Yes,No internet service,Yes,False,False
845,33,108.66,3728.54,One year,Bank transfer,DSL,No internet service,No internet service,Yes,True,True
846,27,64.98,1795.09,Two year,Mailed check,DSL,No internet service,Yes,No,False,False
847,36,39.46,1401.67,One year,Bank transfer,Fiber optic,No internet service,No internet service,No internet service,False,False
848,29,56.78,1581.76,Two year,Mailed check,Fiber optic,Yes,No internet service,No,True,False
849,38,61.41,2377.6,Month-to-month,Mailed check,DSL,No internet service,Yes,No,True,False
850,57,102.75,6137.09,Month-to-month,Credit card,Fiber optic,No,No,No,True,True
851,27,93.36,2577.84,Month-to-month,Electronic check,Fiber optic,No internet service,No,No internet service,True,False
852,55,96.93,5559.71,Month-to-month,Electronic check,Fiber optic,Yes,No internet service,No internet service,True,False
853,33,21.1,717.49,Month-to-month,Credit card,Fiber optic,No,No,Yes,False,False
854,68,61.62,4049.0,One year,Bank transfer,Fiber optic,No internet service,No,No internet service,True,False
855,66,68.13,4383.81,One year,Credit card,No,No,No,No,True,False
856,10,21.92,215.73,One year,Mailed check,DSL,No,No,No,False,False
857,5,45.98,222.27,Month-to-month,Electronic check,DSL,Yes,No internet service,Yes,True,True
858,38,96.03,3678.94,Two year,Credit card,Fiber optic,No,No,No internet service,False,False
859,13,33.71,459.07,One year,Bank transfer,No,No,No,No,True,False
860,31,73.53,2339.03,Month-to-month,Credit card,Fiber optic,Yes,Yes,Yes,True,False
861,47,41.52,1936.49,One year,Electronic check,DSL,Yes,No internet service,Yes,True,False
862,52,21.21,1048.27,Month-to-month,Credit card,DSL,Yes,Yes,No,True,False
863,56,44.12,2424.59,Month-to-month,Credit card,Fiber optic,No,Yes,No,True,True
864,15,117.59,1768.57,Two year,Electronic check,DSL,No,No internet service,No internet service,False,False
865,29,100.15,2853.31,Month-to-month,Mailed check,Fiber optic,No,No,Yes,True,True
866,8,115.96,891.6,Month-to-month,Mailed check,No,Yes,Yes,No,False,True
867,5,68.79,341.98,Two year,Electronic check,Fiber optic,No internet service,No internet service,Yes,True,False
868,29,30.97,875.97,One year,Credit card,Fiber optic,No,No,No internet service,True,False
869,47,74.8,3659.47,Month-to-month,Electronic check,Fiber optic,No internet service,No internet service,No,False,False
870,68,65.44,4272.7,Month-to-month,Mailed check,DSL,Yes,Yes,No internet service,True,False
871,45,104.44,4487.91,Month-to-month,Bank transfer,No,No,No,Yes,False,True
872,2,29.81,56.67,One year,Credit card,Fiber optic,No internet service,No,No internet service,False,False
873,27,68.82,1826.19,Month-to-month,Mailed check,Fiber optic,No,No internet service,No internet service,False,True
874,36,35.0,1280.21,Month-to-month,Credit card,Fiber optic,No,No,Yes,True,False
875,36,52.47,1932.44,Two year,Electronic check,Fiber optic,No,Yes,No internet service,True,False
876,26,93.74,2425.85,One year,Bank transfer,Fiber optic,No internet service,Yes,Yes,False,False
877,43,67.6,2960.38,Month-to-month,Electronic check,DSL,Yes,Yes,No,False,True
878,27,57.59,1533.15,One year,Bank transfer,No,No,No internet service,Yes,True,False
879,69,59.45,4170.88,One year,Credit card,No,Yes,No,Yes,True,False
880,20,65.94,1258.21,Month-to-month,Credit card,Fiber optic,Yes,No,No,True,False
881,11,98.5,1071.66,Month-to-month,Electronic check,No,No internet service,No,Yes,True,True
882,38,109.21,4270.68,Two year,Bank transfer,DSL,No internet service,Yes,No,True,False
883,6,115.53,714.18,Month-to-month,Bank transfer,Fiber optic,Yes,No,No,True,True
884,23,98.69,2318.93,One year,Credit card,Fiber optic,No,Yes,Yes,False,False
885,47,51.54,2350.74,Month-to-month,Electronic check,Fiber optic,No internet service,No,No internet service,False,False
886,46,88.81,3981.99,Month-to-month,Bank transfer,Fiber optic,No,Yes,No internet service,False,True
887,12,63.76,803.08,Month-to-month,Credit card,DSL,No,No,No,True,False
888,13,45.47,567.67,Month-to-month,Mailed check,DSL,No,No internet service,No internet service,True,False
889,62,104.09,6247.49,Month-to-month,Electronic check,Fiber optic,Yes,No internet service,No internet service,False,True
890,60,23.84,1377.48,Month-to-month,Mailed check,DSL,No,Yes,Yes,False,False
891,43,110.18,4656.09,Two year,Electronic check,Fiber optic,Yes,Yes,No,False,False
892,68,66.15,4367.83,Two year,Credit card,DSL,Yes,No,No,False,False
893,5,83.72,418.5,One year,Bank transfer,DSL,No,No,Yes,True,False
894,37,85.94,3172.16,Two year,Bank transfer,Fiber optic,No,No internet service,No internet service,False,False
895,31,109.51,3531.11,Month-to-month,Bank transfer,Fiber optic,No,No,No,True,True
896,9,83.67,717.99,Two year,Electronic check,No,No,Yes,No internet service,True,True
897,51,81.39,4076.12,Month-to-month,Credit card,Fiber optic,Yes,Yes,No,False,False
898,29,26.67,780.91,Two year,Mailed check,DSL,No,Yes,No,True,False
899,40,71.84,2903.72,Two year,Credit card,No,No,Yes,No,True,False
900,41,35.02,1432.97,One year,Mailed check,Fiber optic,Yes,Yes,No,True,False
901,11,93.74,1063.69,Two year,Electronic check,DSL,No internet service,No internet service,No internet service,True,True
902,23,71.22,1566.43,One year,Electronic check,Fiber optic,No internet service,No internet service,No internet service,False,True
903,1,88.02,90.8,Month-to-month,Mailed check,No,Yes,Yes,No internet service,True,False
904,46,24.17,1111.24,Month-to-month,Mailed check,Fiber optic,No internet service,No,No internet service,True,False
905,21,28.48,576.18,One year,Mailed check,DSL,Yes,Yes,Yes,True,False
906,36,91.63,3425.91,Month-to-month,Credit card,DSL,No,No internet service,No,True,True
907,54,27.21,1491.27,One year,Mailed check,DSL,No,Yes,No,True,False
908,57,27.13,1494.38,Two year,Electronic check,Fiber optic,No internet service,No internet service,No,False,False
909,1,21.21,20.22,Month-to-month,Electronic check,Fiber optic,No,No internet service,Yes,True,True
910,63,115.65,7024.46,One year,Bank transfer,DSL,No internet service,Yes,No internet service,False,False
911,54,93.75,5117.58,Two year,Mailed check,No,No internet service,Yes,No,False,False
912,55,55.33,2945.56,Two year,Credit card,Fiber optic,No,No,No internet service,False,False
913,40,49.65,1931.54,Two year,Credit card,Fiber optic,No,No internet service,No internet service,True,False
914,15,54.97,785.4,One year,Credit card,No,No internet service,No,Yes,True,False
915,21,97.47,2092.5,Two year,Bank transfer,DSL,No,Yes,Yes,False,False
916,47,86.14,4174.23,One year,Electronic check,Fiber optic,Yes,No internet service,No internet service,True,False
917,53,38.52,2102.16,Month-to-month,Credit card,Fiber optic,No,No,No,False,False
918,9,37.41,324.15,Month-to-month,Electronic check,No,No,No,No,False,True
919,52,29.84,1614.26,One year,Bank transfer,Fiber optic,Yes,No,Yes,False,False
920,57,86.03,4988.19,Month-to-month,Mailed check,DSL,No,Yes,Yes,False,False
921,26,96.44,2607.12,One year,Mailed check,No,No,Yes,Yes,True,False
922,41,46.5,1896.43,One year,Mailed check,DSL,No internet service,Yes,Yes,True,False
923,35,22.09,768.28,Month-to-month,Credit card,No,No,No internet service,Yes,False,False
924,63,28.22,1828.45,One year,Mailed check,No,No,Yes,Yes,True,False
925,25,116.79,2801.0,One year,Credit card,DSL,Yes,No internet service,Yes,True,False
926,38,49.54,1886.45,Month-to-month,Bank transfer,Fiber optic,No internet service,No,No,False,False
927,2,96.92,200.36,Month-to-month,Bank transfer,DSL,No internet service,No,Yes,True,False
928,7,82.47,596.35,Month-to-month,Credit card,Fiber optic,No internet service,Yes,Yes,False,False
929,34,58.19,2068.7,Month-to-month,Electronic check,Fiber optic,No,No,No,False,True
930,17,40.57,703.36,Two year,Mailed check,Fiber optic,No internet service,Yes,No,True,False
931,43,32.14,1341.63,Month-to-month,Mailed check,No,Yes,No internet service,No internet service,False,True
932,59,81.5,4577.83,One year,Mailed check,Fiber optic,No internet service,No,Yes,False,True
933,51,97.46,4960.23,Month-to-month,Credit card,Fiber optic,Yes,Yes,Yes,False,False
934,54,84.39,4563.3,Month-to-month,Bank transfer,No,No internet service,No,Yes,True,True
935,24,73.03,1707.2,Two year,Mailed check,No,No internet service,No,Yes,True,False
936,25,24.2,582.29,One year,Bank transfer,DSL,Yes,Yes,No internet service,False,False
937,71,116.85,8367.87,Month-to-month,Mailed check,No,No internet service,No,No,True,True
938,52,99.87,5330.47,Month-to-month,Mailed check,DSL,No internet service,No,No,True,False
939,70,49.28,3619.72,Month-to-month,Credit card,No,No internet service,No,Yes,False,False
940,33,118.0,3994.58,Month-to-month,Electronic check,DSL,No,No,Yes,True,False
941,49,80.19,4044.69,One year,Credit card,DSL,Yes,No internet service,Yes,True,False
942,29,78.24,2295.38,Month-to-month,Mailed check,Fiber optic,No internet service,No,No internet service,True,True
943,63,94.81,6263.27,Month-to-month,Mailed check,Fiber optic,Yes,No,No internet service,True,False
944,22,101.18,2257.11,Month-to-month,Electronic check,Fiber optic,Yes,Yes,No,False,False
945,26,85.65,2307.12,Two year,Bank transfer,DSL,Yes,No internet service,Yes,True,False
946,28,32.81,959.63,Two year,Bank transfer,Fiber optic,No internet service,Yes,Yes,True,False
947,49,53.83,2751.05,Month-to-month,Mailed check,No,No internet service,Yes,Yes,False,False
948,71,112.81,7914.53,One year,Bank transfer,Fiber optic,Yes,Yes,Yes,False,False
949,49,42.46,1992.88,Month-to-month,Mailed check,DSL,No,No internet service,No internet service,False,False
950,20,57.22,1106.85,Month-to-month,Electronic check,Fiber optic,Yes,Yes,No,True,False
951,63,63.21,3806.7,One year,Electronic check,DSL,No,Yes,No,True,False
952,61,63.94,3746.43,Two year,Mailed check,No,Yes,Yes,No internet service,False,False
953,49,81.29,3857.6,Two year,Electronic check,No,Yes,No,Yes,True,False
954,71,114.31,7987.04,One year,Credit card,Fiber optic,Yes,Yes,No,False,False
955,1,44.07,44.26,Month-to-month,Credit card,Fiber optic,No internet service,No internet service,No,True,False
956,13,32.15,426.8,One year,Electronic check,Fiber optic,No,No internet service,No internet service,True,False
957,51,39.75,1968.65,Month-to-month,Mailed check,Fiber optic,No,No,Yes,False,True
958,56,108.69,6191.65,One year,Mailed check,No,Yes,No internet service,No,False,False
959,62,84.58,5351.07,Month-to-month,Electronic check,Fiber optic,No internet service,No internet service,Yes,False,False
960,32,48.59,1564.0,One year,Bank transfer,Fiber optic,No internet service,No,No,True,False
961,30,101.59,3170.71,Month-to-month,Credit card,Fiber optic,No,Yes,No internet service,True,False
962,29,106.14,2958.32,Month-to-month,Bank transfer,Fiber optic,No internet service,No,Yes,True,True
963,49,104.65,4962.28,Two year,Mailed check,No,No,Yes,No internet service,True,False
964,45,111.89,4999.13,Month-to-month,Mailed check,Fiber optic,No,Yes,No,True,False
965,30,45.22,1305.96,One year,Bank transfer,Fiber optic,No,No internet service,No internet service,True,False
966,16,95.5,1538.13,Month-to-month,Electronic check,DSL,No internet service,No,No internet service,True,True
967,40,66.05,2615.16,Month-to-month,Bank transfer,Fiber optic,No,No internet service,No internet service,False,True
968,19,104.2,1937.15,Month-to-month,Bank transfer,Fiber optic,No,No internet service,No,False,False
969,18,92.85,1616.15,Month-to-month,Credit card,DSL,Yes,Yes,Yes,False,False
970,1,97.64,96.03,Two year,Credit card,DSL,No,No internet service,No internet service,True,False
971,47,85.62,4067.58,Month-to-month,Bank transfer,Fiber optic,No,No,Yes,False,False
972,66,37.74,2509.72,Two year,Bank transfer,Fiber optic,Yes,No internet service,No,True,False
973,38,74.5,2735.77,One year,Mailed check,Fiber optic,Yes,No internet service,Yes,True,False
974,51,118.47,5815.35,Month-to-month,Credit card,DSL,No internet service,Yes,No internet service,False,False
975,63,113.74,6826.45,One year,Credit card,Fiber optic,No,No,No internet service,True,False
976,4,24.32,92.54,One year,Mailed check,DSL,No internet service,No internet service,No internet service,True,False
977,1,36.48,37.87,One year,Electronic check,Fiber optic,No internet service,Yes,No internet service,True,True
978,8,33.17,253.29,Month-to-month,Credit card,DSL,Yes,No internet service,No internet service,True,False
979,29,92.6,2747.49,Month-to-month,Credit card,DSL,No internet service,No,No internet service,False,False
980,55,101.78,5806.13,Two year,Electronic check,DSL,No,No internet service,No,False,True
981,3,41.35,119.06,Two year,Credit card,Fiber optic,Yes,No internet service,No,False,False
982,32,70.59,2244.49,Two year,Credit card,DSL,No,Yes,No,True,False
983,10,104.07,1088.81,Month-to-month,Electronic check,Fiber optic,No,No internet service,Yes,False,True
984,34,93.28,3277.49,One year,Electronic check,Fiber optic,Yes,Yes,Yes,True,False
985,55,74.22,4077.9,Month-to-month,Bank transfer,Fiber optic,No,No,No,True,False
986,32,79.03,2595.36,Month-to-month,Mailed check,Fiber optic,Yes,No internet service,Yes,False,False
987,50,70.84,3660.08,Month-to-month,Mailed check,No,No,No,Yes,True,False
988,7,49.75,342.96,One year,Electronic check,DSL,Yes,No,No internet service,False,False
989,8,76.5,636.0,Month-to-month,Electronic check,Fiber optic,No internet service,No internet service,No internet service,True,True
990,65,88.89,5760.79,Month-to-month,Credit card,DSL,No,Yes,Yes,False,True
991,57,107.33,6134.82,Two year,Bank transfer,DSL,Yes,No,Yes,False,False
992,67,83.63,5883.21,Month-to-month,Bank transfer,Fiber optic,No,No,No,True,True
993,59,96.11,5865.16,Month-to-month,Electronic check,Fiber optic,No,No internet service,Yes,True,True
994,54,36.01,1917.66,Month-to-month,Credit card,No,No,No internet service,No internet service,False,False
995,67,66.16,4215.67,Two year,Credit card,Fiber optic,Yes,No internet service,Yes,True,False
996,51,20.93,1080.9,One year,Mailed check,No,No internet service,No internet service,No,True,True
997,8,44.67,364.65,Month-to-month,Mailed check,DSL,No internet service,No internet service,No internet service,False,True
998,34,92.65,3197.6,Two year,Credit card,DSL,No internet service,No internet service,No internet service,True,False
999,35,119.18,4366.46,Two year,Mailed check,DSL,Yes,Yes,No internet service,False,False
1000,32,29.92,992.19,Month-to-month,Electronic check,DSL,No internet service,No,No internet service,True,True
